0;0;0;0;land;false;unknown;0
1;128;0;0;land;false;plains;1
2;0;128;0;land;false;plains;1
3;128;128;0;land;false;plains;1
4;0;0;128;land;false;plains;1
5;128;0;128;land;false;plains;1
6;0;128;128;land;false;plains;1
7;128;128;128;land;false;plains;1
8;64;0;0;land;false;plains;1
9;192;0;0;land;false;plains;1
10;64;128;0;land;false;plains;1
11;192;128;0;land;false;plains;1
12;64;0;128;land;false;plains;1
13;192;0;128;land;false;plains;1
14;64;128;128;land;false;plains;1
15;192;128;128;land;false;plains;1
16;0;64;0;land;false;plains;1
17;128;64;0;land;false;plains;1
18;0;192;0;land;false;plains;1
19;128;192;0;land;false;plains;1
20;0;64;128;land;false;plains;1
21;128;64;128;land;false;plains;1
22;0;192;128;land;false;plains;1
23;128;192;128;land;false;plains;1
24;64;64;0;land;false;plains;1
25;192;64;0;land;false;plains;1
26;64;192;0;land;false;plains;1
27;192;192;0;land;false;plains;1
28;64;64;128;land;false;plains;1
29;192;64;128;land;false;plains;1
30;64;192;128;land;false;plains;1
31;192;192;128;land;false;plains;1
32;0;0;64;land;false;plains;1
33;128;0;64;land;false;plains;1
34;0;128;64;land;false;plains;1
35;128;128;64;land;false;plains;1
36;0;0;192;land;false;plains;1
37;128;0;192;land;false;plains;1
38;0;128;192;land;false;plains;1
39;128;128;192;land;false;plains;1
40;64;0;64;land;false;plains;1
41;192;0;64;land;false;plains;1
42;64;128;64;land;false;plains;1
43;192;128;64;land;false;plains;1
44;64;0;192;land;false;plains;1
45;192;0;192;land;false;plains;1
46;64;128;192;land;false;plains;1
47;192;128;192;land;false;plains;1
48;0;64;64;land;false;plains;1
49;128;64;64;land;false;plains;1
50;0;192;64;land;false;plains;1
51;128;192;64;land;false;plains;1
52;0;64;192;land;false;plains;1
53;128;64;192;land;false;plains;1
54;0;192;192;land;false;plains;1
55;128;192;192;land;false;plains;1
56;64;64;64;land;false;plains;1
57;192;64;64;land;false;plains;1
58;64;192;64;land;false;plains;1
59;192;192;64;land;false;plains;1
60;64;64;192;land;false;plains;1
61;192;64;192;land;false;plains;1
62;64;192;192;land;false;plains;1
63;192;192;192;land;false;plains;1
64;32;0;0;land;false;plains;1
65;160;0;0;land;false;plains;1
66;32;128;0;land;false;plains;1
67;160;128;0;land;false;plains;1
68;32;0;128;land;false;plains;1
69;160;0;128;land;false;plains;1
70;32;128;128;land;false;plains;1
71;160;128;128;land;false;plains;1
72;96;0;0;land;false;plains;1
73;224;0;0;land;false;plains;1
74;96;128;0;land;false;plains;1
75;224;128;0;land;false;plains;1
76;96;0;128;land;false;plains;1
77;224;0;128;land;false;plains;1
78;96;128;128;land;false;plains;1
79;224;128;128;land;false;plains;1
80;32;64;0;land;false;plains;1
81;160;64;0;land;false;plains;1
82;32;192;0;land;false;plains;1
83;160;192;0;land;false;plains;1
84;32;64;128;land;false;plains;1
85;160;64;128;land;false;plains;1
86;32;192;128;land;false;plains;1
87;160;192;128;land;false;plains;1
88;96;64;0;land;false;plains;1
89;224;64;0;land;false;plains;1
90;96;192;0;land;false;plains;1
91;224;192;0;land;false;plains;1
92;96;64;128;land;false;plains;1
93;224;64;128;land;false;plains;1
94;96;192;128;land;false;plains;1
95;224;192;128;land;false;plains;1
96;32;0;64;land;false;plains;1
97;160;0;64;land;false;plains;1
98;32;128;64;land;false;plains;1
99;160;128;64;land;false;plains;1
100;32;0;192;land;false;plains;1
101;160;0;192;land;false;plains;1
102;32;128;192;land;false;plains;1
103;160;128;192;land;false;plains;1
104;96;0;64;land;false;plains;1
105;224;0;64;land;false;plains;1
106;96;128;64;land;false;plains;1
107;224;128;64;land;false;plains;1
108;96;0;192;land;false;plains;1
109;224;0;192;land;false;plains;1
110;96;128;192;land;false;plains;1
111;224;128;192;land;false;plains;1
112;32;64;64;land;false;plains;1
113;160;64;64;land;false;plains;1
114;32;192;64;land;false;plains;1
115;160;192;64;land;false;plains;1
116;32;64;192;land;false;plains;1
117;160;64;192;land;false;plains;1
118;32;192;192;land;false;plains;1
119;160;192;192;land;false;plains;1
120;96;64;64;land;false;plains;1
121;224;64;64;land;false;plains;1
122;96;192;64;land;false;plains;1
123;224;192;64;land;false;plains;1
124;96;64;192;land;false;plains;1
125;224;64;192;land;false;plains;1
126;96;192;192;land;false;plains;1
127;224;192;192;land;false;plains;1
128;0;32;0;land;false;plains;1
129;128;32;0;land;false;plains;1
130;0;160;0;land;false;plains;1
131;128;160;0;land;false;plains;1
132;0;32;128;land;false;plains;1
133;128;32;128;land;false;plains;1
134;0;160;128;land;false;plains;1
135;128;160;128;land;false;plains;1
136;64;32;0;land;false;plains;1
137;192;32;0;land;false;plains;1
138;64;160;0;land;false;plains;1
139;192;160;0;land;false;plains;1
140;64;32;128;land;false;plains;1
141;192;32;128;land;false;plains;1
142;64;160;128;land;false;plains;1
143;192;160;128;land;false;plains;1
144;0;96;0;land;false;plains;1
145;128;96;0;land;false;plains;1
146;0;224;0;land;false;plains;1
147;128;224;0;land;false;plains;1
148;0;96;128;land;false;plains;1
149;128;96;128;land;false;plains;1
150;0;224;128;land;false;plains;1
151;128;224;128;land;false;plains;1
152;64;96;0;land;false;plains;1
153;192;96;0;land;false;plains;1
154;64;224;0;land;false;plains;1
155;192;224;0;land;false;plains;1
156;64;96;128;land;false;plains;1
157;192;96;128;land;false;plains;1
158;64;224;128;land;false;plains;1
159;192;224;128;land;false;plains;1
160;0;32;64;land;false;plains;1
161;128;32;64;land;false;plains;1
162;0;160;64;land;false;plains;1
163;128;160;64;land;false;plains;1
164;0;32;192;land;false;plains;1
165;128;32;192;land;false;plains;1
166;0;160;192;land;false;plains;1
167;128;160;192;land;false;plains;1
168;64;32;64;land;false;plains;1
169;192;32;64;land;false;plains;1
170;64;160;64;land;false;plains;1
171;192;160;64;land;false;plains;1
172;64;32;192;land;false;plains;1
173;192;32;192;land;false;plains;1
174;64;160;192;land;false;plains;1
175;192;160;192;land;false;plains;1
176;0;96;64;land;false;plains;1
177;128;96;64;land;false;plains;1
178;0;224;64;land;false;plains;1
179;128;224;64;land;false;plains;1
180;0;96;192;land;false;plains;1
181;128;96;192;land;false;plains;1
182;0;224;192;land;false;plains;1
183;128;224;192;land;false;plains;1
184;64;96;64;land;false;plains;1
185;192;96;64;land;false;plains;1
186;64;224;64;land;false;plains;1
187;192;224;64;land;false;plains;1
188;64;96;192;land;false;plains;1
189;192;96;192;land;false;plains;1
190;64;224;192;land;false;plains;1
191;192;224;192;land;false;plains;1
192;32;32;0;land;false;plains;1
193;160;32;0;land;false;plains;1
194;32;160;0;land;false;plains;1
195;160;160;0;land;false;plains;1
196;32;32;128;land;false;plains;1
197;160;32;128;land;false;plains;1
198;32;160;128;land;false;plains;1
199;160;160;128;land;false;plains;1
200;96;32;0;land;false;plains;1
201;224;32;0;land;false;plains;1
202;96;160;0;land;false;plains;1
203;224;160;0;land;false;plains;1
204;96;32;128;land;false;plains;1
205;224;32;128;land;false;plains;1
206;96;160;128;land;false;plains;1
207;224;160;128;land;false;plains;1
208;32;96;0;land;false;plains;1
209;160;96;0;land;false;plains;1
210;32;224;0;land;false;plains;1
211;160;224;0;land;false;plains;1
212;32;96;128;land;false;plains;1
213;160;96;128;land;false;plains;1
214;32;224;128;land;false;plains;1
215;160;224;128;land;false;plains;1
216;96;96;0;land;false;plains;1
217;224;96;0;land;false;plains;1
218;96;224;0;land;false;plains;1
219;224;224;0;land;false;plains;1
220;96;96;128;land;false;plains;1
221;224;96;128;land;false;plains;1
222;96;224;128;land;false;plains;1
223;224;224;128;land;false;plains;1
224;32;32;64;land;false;plains;1
225;160;32;64;land;false;plains;1
226;32;160;64;land;false;plains;1
227;160;160;64;land;false;plains;1
228;32;32;192;land;false;plains;1
229;160;32;192;land;false;plains;1
230;32;160;192;land;false;plains;1
231;160;160;192;land;false;plains;1
232;96;32;64;land;false;plains;1
233;224;32;64;land;false;plains;1
234;96;160;64;land;false;plains;1
235;224;160;64;land;false;plains;1
236;96;32;192;land;false;plains;1
237;224;32;192;land;false;plains;1
238;96;160;192;land;false;plains;1
239;224;160;192;land;false;plains;1
240;32;96;64;land;false;plains;1
241;160;96;64;land;false;plains;1
242;32;224;64;land;false;plains;1
243;160;224;64;land;false;plains;1
244;32;96;192;land;false;plains;1
245;160;96;192;land;false;plains;1
246;32;224;192;land;false;plains;1
247;160;224;192;land;false;plains;1
248;96;96;64;land;false;plains;1
249;224;96;64;land;false;plains;1
250;96;224;64;land;false;plains;1
251;224;224;64;land;false;plains;1
252;96;96;192;land;false;plains;1
253;224;96;192;land;false;plains;1
254;96;224;192;land;false;plains;1
255;224;224;192;land;false;plains;1
256;0;0;32;land;false;plains;1
257;128;0;32;land;false;plains;1
258;0;128;32;land;false;plains;1
259;128;128;32;land;false;plains;1
260;0;0;160;land;false;plains;1
261;128;0;160;land;false;plains;1
262;0;128;160;land;false;plains;1
263;128;128;160;land;false;plains;1
264;64;0;32;land;false;plains;1
265;192;0;32;land;false;plains;1
266;64;128;32;land;false;plains;1
267;192;128;32;land;false;plains;1
268;64;0;160;land;false;plains;1
269;192;0;160;land;false;plains;1
270;64;128;160;land;false;plains;1
271;192;128;160;land;false;plains;1
272;0;64;32;land;false;plains;1
273;128;64;32;land;false;plains;1
274;0;192;32;land;false;plains;1
275;128;192;32;land;false;plains;1
276;0;64;160;land;false;plains;1
277;128;64;160;land;false;plains;1
278;0;192;160;land;false;plains;1
279;128;192;160;land;false;plains;1
280;64;64;32;land;false;plains;1
281;192;64;32;land;false;plains;1
282;64;192;32;land;false;plains;1
283;192;192;32;land;false;plains;1
284;64;64;160;land;false;plains;1
285;192;64;160;land;false;plains;1
286;64;192;160;land;false;plains;1
287;192;192;160;land;false;plains;1
288;0;0;96;land;false;plains;1
289;128;0;96;land;false;plains;1
290;0;128;96;land;false;plains;1
291;128;128;96;land;false;plains;1
292;0;0;224;land;false;plains;1
293;128;0;224;land;false;plains;1
294;0;128;224;land;false;plains;1
295;128;128;224;land;false;plains;1
296;64;0;96;land;false;plains;1
297;192;0;96;land;false;plains;1
298;64;128;96;land;false;plains;1
299;192;128;96;land;false;plains;1
300;64;0;224;land;false;plains;1
301;192;0;224;land;false;plains;1
302;64;128;224;land;false;plains;1
303;192;128;224;land;false;plains;1
304;0;64;96;land;false;plains;1
305;128;64;96;land;false;plains;1
306;0;192;96;land;false;plains;1
307;128;192;96;land;false;plains;1
308;0;64;224;land;false;plains;1
309;128;64;224;land;false;plains;1
310;0;192;224;land;false;plains;1
311;128;192;224;land;false;plains;1
312;64;64;96;land;false;plains;1
313;192;64;96;land;false;plains;1
314;64;192;96;land;false;plains;1
315;192;192;96;land;false;plains;1
316;64;64;224;land;false;plains;1
317;192;64;224;land;false;plains;1
318;64;192;224;land;false;plains;1
319;192;192;224;land;false;plains;1
320;32;0;32;land;false;plains;1
321;160;0;32;land;false;plains;1
322;32;128;32;land;false;plains;1
323;160;128;32;land;false;plains;1
324;32;0;160;land;false;plains;1
325;160;0;160;land;false;plains;1
326;32;128;160;land;false;plains;1
327;160;128;160;land;false;plains;1
328;96;0;32;land;false;plains;1
329;224;0;32;land;false;plains;1
330;96;128;32;land;false;plains;1
331;224;128;32;land;false;plains;1
332;96;0;160;land;false;plains;1
333;224;0;160;land;false;plains;1
334;96;128;160;land;false;plains;1
335;224;128;160;land;false;plains;1
336;32;64;32;land;false;plains;1
337;160;64;32;land;false;plains;1
338;32;192;32;land;false;plains;1
339;160;192;32;land;false;plains;1
340;32;64;160;land;false;plains;1
341;160;64;160;land;false;plains;1
342;32;192;160;land;false;plains;1
343;160;192;160;land;false;plains;1
344;96;64;32;land;false;plains;1
345;224;64;32;land;false;plains;1
346;96;192;32;land;false;plains;1
347;224;192;32;land;false;plains;1
348;96;64;160;land;false;plains;1
349;224;64;160;land;false;plains;1
350;96;192;160;land;false;plains;1
351;224;192;160;land;false;plains;1
352;32;0;96;land;false;plains;1
353;160;0;96;land;false;plains;1
354;32;128;96;land;false;plains;1
355;160;128;96;land;false;plains;1
356;32;0;224;land;false;plains;1
357;160;0;224;land;false;plains;1
358;32;128;224;land;false;plains;1
359;160;128;224;land;false;plains;1
360;96;0;96;land;false;plains;1
361;224;0;96;land;false;plains;1
362;96;128;96;land;false;plains;1
363;224;128;96;land;false;plains;1
364;96;0;224;land;false;plains;1
365;224;0;224;land;false;plains;1
366;96;128;224;land;false;plains;1
367;224;128;224;land;false;plains;1
368;32;64;96;land;false;plains;1
369;160;64;96;land;false;plains;1
370;32;192;96;land;false;plains;1
371;160;192;96;land;false;plains;1
372;32;64;224;land;false;plains;1
373;160;64;224;land;false;plains;1
374;32;192;224;land;false;plains;1
375;160;192;224;land;false;plains;1
376;96;64;96;land;false;plains;1
377;224;64;96;land;false;plains;1
378;96;192;96;land;false;plains;1
379;224;192;96;land;false;plains;1
380;96;64;224;land;false;plains;1
381;224;64;224;land;false;plains;1
382;96;192;224;land;false;plains;1
383;224;192;224;land;false;plains;1
384;0;32;32;land;false;plains;1
385;128;32;32;land;false;plains;1
386;0;160;32;land;false;plains;1
387;128;160;32;land;false;plains;1
388;0;32;160;land;false;plains;1
389;128;32;160;land;false;plains;1
390;0;160;160;land;false;plains;1
391;128;160;160;land;false;plains;1
392;64;32;32;land;false;plains;1
393;192;32;32;land;false;plains;1
394;64;160;32;land;false;plains;1
395;192;160;32;land;false;plains;1
396;64;32;160;land;false;plains;1
397;192;32;160;land;false;plains;1
398;64;160;160;land;false;plains;1
399;192;160;160;land;false;plains;1
400;0;96;32;land;false;plains;1
401;128;96;32;land;false;plains;1
402;0;224;32;land;false;plains;1
403;128;224;32;land;false;plains;1
404;0;96;160;land;false;plains;1
405;128;96;160;land;false;plains;1
406;0;224;160;land;false;plains;1
407;128;224;160;land;false;plains;1
408;64;96;32;land;false;plains;1
409;192;96;32;land;false;plains;1
410;64;224;32;land;false;plains;1
411;192;224;32;land;false;plains;1
412;64;96;160;land;false;plains;1
413;192;96;160;land;false;plains;1
414;64;224;160;land;false;plains;1
415;192;224;160;land;false;plains;1
416;0;32;96;land;false;plains;1
417;128;32;96;land;false;plains;1
418;0;160;96;land;false;plains;1
419;128;160;96;land;false;plains;1
420;0;32;224;land;false;plains;1
421;128;32;224;land;false;plains;1
422;0;160;224;land;false;plains;1
423;128;160;224;land;false;plains;1
424;64;32;96;land;false;plains;1
425;192;32;96;land;false;plains;1
426;64;160;96;land;false;plains;1
427;192;160;96;land;false;plains;1
428;64;32;224;land;false;plains;1
429;192;32;224;land;false;plains;1
430;64;160;224;land;false;plains;1
431;192;160;224;land;false;plains;1
432;0;96;96;land;false;plains;1
433;128;96;96;land;false;plains;1
434;0;224;96;land;false;plains;1
435;128;224;96;land;false;plains;1
436;0;96;224;land;false;plains;1
437;128;96;224;land;false;plains;1
438;0;224;224;land;false;plains;1
439;128;224;224;land;false;plains;1
440;64;96;96;land;false;plains;1
441;192;96;96;land;false;plains;1
442;64;224;96;land;false;plains;1
443;192;224;96;land;false;plains;1
444;64;96;224;land;false;plains;1
445;192;96;224;land;false;plains;1
446;64;224;224;land;false;plains;1
447;192;224;224;land;false;plains;1
448;32;32;32;land;false;plains;1
449;160;32;32;land;false;plains;1
450;32;160;32;land;false;plains;1
451;160;160;32;land;false;plains;1
452;32;32;160;land;false;plains;1
453;160;32;160;land;false;plains;1
454;32;160;160;land;false;plains;1
455;160;160;160;land;false;plains;1
456;96;32;32;land;false;plains;1
457;224;32;32;land;false;plains;1
458;96;160;32;land;false;plains;1
459;224;160;32;land;false;plains;1
460;96;32;160;land;false;plains;1
461;224;32;160;land;false;plains;1
462;96;160;160;land;false;plains;1
463;224;160;160;land;false;plains;1
464;32;96;32;land;false;plains;1
465;160;96;32;land;false;plains;1
466;32;224;32;land;false;plains;1
467;160;224;32;land;false;plains;1
468;32;96;160;land;false;plains;1
469;160;96;160;land;false;plains;1
470;32;224;160;land;false;plains;1
471;160;224;160;land;false;plains;1
472;96;96;32;land;false;plains;1
473;224;96;32;land;false;plains;1
474;96;224;32;land;false;plains;1
475;224;224;32;land;false;plains;1
476;96;96;160;land;false;plains;1
477;224;96;160;land;false;plains;1
478;96;224;160;land;false;plains;1
479;224;224;160;land;false;plains;1
480;32;32;96;land;false;plains;1
481;160;32;96;land;false;plains;1
482;32;160;96;land;false;plains;1
483;160;160;96;land;false;plains;1
484;32;32;224;land;false;plains;1
485;160;32;224;land;false;plains;1
486;32;160;224;land;false;plains;1
487;160;160;224;land;false;plains;1
488;96;32;96;land;false;plains;1
489;224;32;96;land;false;plains;1
490;96;160;96;land;false;plains;1
491;224;160;96;land;false;plains;1
492;96;32;224;land;false;plains;1
493;224;32;224;land;false;plains;1
494;96;160;224;land;false;plains;1
495;224;160;224;land;false;plains;1
496;32;96;96;land;false;plains;1
497;160;96;96;land;false;plains;1
498;32;224;96;land;false;plains;1
499;160;224;96;land;false;plains;1
500;32;96;224;land;false;plains;1
501;160;96;224;land;false;plains;1
502;32;224;224;land;false;plains;1
503;160;224;224;land;false;plains;1
504;96;96;96;land;false;plains;1
505;224;96;96;land;false;plains;1
506;96;224;96;land;false;plains;1
507;224;224;96;land;false;plains;1
508;96;96;224;land;false;plains;1
509;224;96;224;land;false;plains;1
510;96;224;224;land;false;plains;1
511;224;224;224;land;false;plains;1
512;16;0;0;land;false;plains;1
513;144;0;0;land;false;plains;1
514;16;128;0;land;false;plains;1
515;144;128;0;land;false;plains;1
516;16;0;128;land;false;plains;1
517;144;0;128;land;false;plains;1
518;16;128;128;land;false;plains;1
519;144;128;128;land;false;plains;1
520;80;0;0;land;false;plains;1
521;208;0;0;land;false;plains;1
522;80;128;0;land;false;plains;1
523;208;128;0;land;false;plains;1
524;80;0;128;land;false;plains;1
525;208;0;128;land;false;plains;1
526;80;128;128;land;false;plains;1
527;208;128;128;land;false;plains;1
528;16;64;0;land;false;plains;1
529;144;64;0;land;false;plains;1
530;16;192;0;land;false;plains;1
531;144;192;0;land;false;plains;1
532;16;64;128;land;false;plains;1
533;144;64;128;land;false;plains;1
534;16;192;128;land;false;plains;1
535;144;192;128;land;false;plains;1
536;80;64;0;land;false;plains;1
537;208;64;0;land;false;plains;1
538;80;192;0;land;false;plains;1
539;208;192;0;land;false;plains;1
540;80;64;128;land;false;plains;1
541;208;64;128;land;false;plains;1
542;80;192;128;land;false;plains;1
543;208;192;128;land;false;plains;1
544;16;0;64;land;false;plains;1
545;144;0;64;land;false;plains;1
546;16;128;64;land;false;plains;1
547;144;128;64;land;false;plains;1
548;16;0;192;land;false;plains;1
549;144;0;192;land;false;plains;1
550;16;128;192;land;false;plains;1
551;144;128;192;land;false;plains;1
552;80;0;64;land;false;plains;1
553;208;0;64;land;false;plains;1
554;80;128;64;land;false;plains;1
555;208;128;64;land;false;plains;1
556;80;0;192;land;false;plains;1
557;208;0;192;land;false;plains;1
558;80;128;192;land;false;plains;1
559;208;128;192;land;false;plains;1
560;16;64;64;land;false;plains;1
561;144;64;64;land;false;plains;1
562;16;192;64;land;false;plains;1
563;144;192;64;land;false;plains;1
564;16;64;192;land;false;plains;1
565;144;64;192;land;false;plains;1
566;16;192;192;land;false;plains;1
567;144;192;192;land;false;plains;1
568;80;64;64;land;false;plains;1
569;208;64;64;land;false;plains;1
570;80;192;64;land;false;plains;1
571;208;192;64;land;false;plains;1
572;80;64;192;land;false;plains;1
573;208;64;192;land;false;plains;1
574;80;192;192;land;false;plains;1
575;208;192;192;land;false;plains;1
576;48;0;0;land;false;plains;1
577;176;0;0;land;false;plains;1
578;48;128;0;land;false;plains;1
579;176;128;0;land;false;plains;1
580;48;0;128;land;false;plains;1
581;176;0;128;land;false;plains;1
582;48;128;128;land;false;plains;1
583;176;128;128;land;false;plains;1
584;112;0;0;land;false;plains;1
585;240;0;0;land;false;plains;1
586;112;128;0;land;false;plains;1
587;240;128;0;land;false;plains;1
588;112;0;128;land;false;plains;1
589;240;0;128;land;false;plains;1
590;112;128;128;land;false;plains;1
591;240;128;128;land;false;plains;1
592;48;64;0;land;false;plains;1
593;176;64;0;land;false;plains;1
594;48;192;0;land;false;plains;1
595;176;192;0;land;false;plains;1
596;48;64;128;land;false;plains;1
597;176;64;128;land;false;plains;1
598;48;192;128;land;false;plains;1
599;176;192;128;land;false;plains;1
600;112;64;0;land;false;plains;1
601;240;64;0;land;false;plains;1
602;112;192;0;land;false;plains;1
603;240;192;0;land;false;plains;1
604;112;64;128;land;false;plains;1
605;240;64;128;land;false;plains;1
606;112;192;128;land;false;plains;1
607;240;192;128;land;false;plains;1
608;48;0;64;land;false;plains;1
609;176;0;64;land;false;plains;1
610;48;128;64;land;false;plains;1
611;176;128;64;land;false;plains;1
612;48;0;192;land;false;plains;1
613;176;0;192;land;false;plains;1
614;48;128;192;land;false;plains;1
615;176;128;192;land;false;plains;1
616;112;0;64;land;false;plains;1
617;240;0;64;land;false;plains;1
618;112;128;64;land;false;plains;1
619;240;128;64;land;false;plains;1
620;112;0;192;land;false;plains;1
621;240;0;192;land;false;plains;1
622;112;128;192;land;false;plains;1
623;240;128;192;land;false;plains;1
624;48;64;64;land;false;plains;1
625;176;64;64;land;false;plains;1
626;48;192;64;land;false;plains;1
627;176;192;64;land;false;plains;1
628;48;64;192;land;false;plains;1
629;176;64;192;land;false;plains;1
630;48;192;192;land;false;plains;1
631;176;192;192;land;false;plains;1
632;112;64;64;land;false;plains;1
633;240;64;64;land;false;plains;1
634;112;192;64;land;false;plains;1
635;240;192;64;land;false;plains;1
636;112;64;192;land;false;plains;1
637;240;64;192;land;false;plains;1
638;112;192;192;land;false;plains;1
639;240;192;192;land;false;plains;1
640;16;32;0;land;false;plains;1
641;144;32;0;land;false;plains;1
642;16;160;0;land;false;plains;1
643;144;160;0;land;false;plains;1
644;16;32;128;land;false;plains;1
645;144;32;128;land;false;plains;1
646;16;160;128;land;false;plains;1
647;144;160;128;land;false;plains;1
648;80;32;0;land;false;plains;1
649;208;32;0;land;false;plains;1
650;80;160;0;land;false;plains;1
651;208;160;0;land;false;plains;1
652;80;32;128;land;false;plains;1
653;208;32;128;land;false;plains;1
654;80;160;128;land;false;plains;1
655;208;160;128;land;false;plains;1
656;16;96;0;land;false;plains;1
657;144;96;0;land;false;plains;1
658;16;224;0;land;false;plains;1
659;144;224;0;land;false;plains;1
660;16;96;128;land;false;plains;1
661;144;96;128;land;false;plains;1
662;16;224;128;land;false;plains;1
663;144;224;128;land;false;plains;1
664;80;96;0;land;false;plains;1
665;208;96;0;land;false;plains;1
666;80;224;0;land;false;plains;1
667;208;224;0;land;false;plains;1
668;80;96;128;land;false;plains;1
669;208;96;128;land;false;plains;1
670;80;224;128;land;false;plains;1
671;208;224;128;land;false;plains;1
672;16;32;64;land;false;plains;1
673;144;32;64;land;false;plains;1
674;16;160;64;land;false;plains;1
675;144;160;64;land;false;plains;1
676;16;32;192;land;false;plains;1
677;144;32;192;land;false;plains;1
678;16;160;192;land;false;plains;1
679;144;160;192;land;false;plains;1
680;80;32;64;land;false;plains;1
681;208;32;64;land;false;plains;1
682;80;160;64;land;false;plains;1
683;208;160;64;land;false;plains;1
684;80;32;192;land;false;plains;1
685;208;32;192;land;false;plains;1
686;80;160;192;land;false;plains;1
687;208;160;192;land;false;plains;1
688;16;96;64;land;false;plains;1
689;144;96;64;land;false;plains;1
690;16;224;64;land;false;plains;1
691;144;224;64;land;false;plains;1
692;16;96;192;land;false;plains;1
693;144;96;192;land;false;plains;1
694;16;224;192;land;false;plains;1
695;144;224;192;land;false;plains;1
696;80;96;64;land;false;plains;1
697;208;96;64;land;false;plains;1
698;80;224;64;land;false;plains;1
699;208;224;64;land;false;plains;1
700;80;96;192;land;false;plains;1
701;208;96;192;land;false;plains;1
702;80;224;192;land;false;plains;1
703;208;224;192;land;false;plains;1
704;48;32;0;land;false;plains;1
705;176;32;0;land;false;plains;1
706;48;160;0;land;false;plains;1
707;176;160;0;land;false;plains;1
708;48;32;128;land;false;plains;1
709;176;32;128;land;false;plains;1
710;48;160;128;land;false;plains;1
711;176;160;128;land;false;plains;1
712;112;32;0;land;false;plains;1
713;240;32;0;land;false;plains;1
714;112;160;0;land;false;plains;1
715;240;160;0;land;false;plains;1
716;112;32;128;land;false;plains;1
717;240;32;128;land;false;plains;1
718;112;160;128;land;false;plains;1
719;240;160;128;land;false;plains;1
720;48;96;0;land;false;plains;1
721;176;96;0;land;false;plains;1
722;48;224;0;land;false;plains;1
723;176;224;0;land;false;plains;1
724;48;96;128;land;false;plains;1
725;176;96;128;land;false;plains;1
726;48;224;128;land;false;plains;1
727;176;224;128;land;false;plains;1
728;112;96;0;land;false;plains;1
729;240;96;0;land;false;plains;1
730;112;224;0;land;false;plains;1
731;240;224;0;land;false;plains;1
732;112;96;128;land;false;plains;1
733;240;96;128;land;false;plains;1
734;112;224;128;land;false;plains;1
735;240;224;128;land;false;plains;1
736;48;32;64;land;false;plains;1
737;176;32;64;land;false;plains;1
738;48;160;64;land;false;plains;1
739;176;160;64;land;false;plains;1
740;48;32;192;land;false;plains;1
741;176;32;192;land;false;plains;1
742;48;160;192;land;false;plains;1
743;176;160;192;land;false;plains;1
744;112;32;64;land;false;plains;1
745;240;32;64;land;false;plains;1
746;112;160;64;land;false;plains;1
747;240;160;64;land;false;plains;1
748;112;32;192;land;false;plains;1
749;240;32;192;land;false;plains;1
750;112;160;192;land;false;plains;1
751;240;160;192;land;false;plains;1
752;48;96;64;land;false;plains;1
753;176;96;64;land;false;plains;1
754;48;224;64;land;false;plains;1
755;176;224;64;land;false;plains;1
756;48;96;192;land;false;plains;1
757;176;96;192;land;false;plains;1
758;48;224;192;land;false;plains;1
759;176;224;192;land;false;plains;1
760;112;96;64;land;false;plains;1
761;240;96;64;land;false;plains;1
762;112;224;64;land;false;plains;1
763;240;224;64;land;false;plains;1
764;112;96;192;land;false;plains;1
765;240;96;192;land;false;plains;1
766;112;224;192;land;false;plains;1
767;240;224;192;land;false;plains;1
768;16;0;32;land;false;plains;1
769;144;0;32;land;false;plains;1
770;16;128;32;land;false;plains;1
771;144;128;32;land;false;plains;1
772;16;0;160;land;false;plains;1
773;144;0;160;land;false;plains;1
774;16;128;160;land;false;plains;1
775;144;128;160;land;false;plains;1
776;80;0;32;land;false;plains;1
777;208;0;32;land;false;plains;1
778;80;128;32;land;false;plains;1
779;208;128;32;land;false;plains;1
780;80;0;160;land;false;plains;1
781;208;0;160;land;false;plains;1
782;80;128;160;land;false;plains;1
783;208;128;160;land;false;plains;1
784;16;64;32;land;false;plains;1
785;144;64;32;land;false;plains;1
786;16;192;32;land;false;plains;1
787;144;192;32;land;false;plains;1
788;16;64;160;land;false;plains;1
789;144;64;160;land;false;plains;1
790;16;192;160;land;false;plains;1
791;144;192;160;land;false;plains;1
792;80;64;32;land;false;plains;1
793;208;64;32;land;false;plains;1
794;80;192;32;land;false;plains;1
795;208;192;32;land;false;plains;1
796;80;64;160;land;false;plains;1
797;208;64;160;land;false;plains;1
798;80;192;160;land;false;plains;1
799;208;192;160;land;false;plains;1
800;16;0;96;land;false;plains;1
801;144;0;96;land;false;plains;1
802;16;128;96;land;false;plains;1
803;144;128;96;land;false;plains;1
804;16;0;224;land;false;plains;1
805;144;0;224;land;false;plains;1
806;16;128;224;land;false;plains;1
807;144;128;224;land;false;plains;1
808;80;0;96;land;false;plains;1
809;208;0;96;land;false;plains;1
810;80;128;96;land;false;plains;1
811;208;128;96;land;false;plains;1
812;80;0;224;land;false;plains;1
813;208;0;224;land;false;plains;1
814;80;128;224;land;false;plains;1
815;208;128;224;land;false;plains;1
816;16;64;96;land;false;plains;1
817;144;64;96;land;false;plains;1
818;16;192;96;land;false;plains;1
819;144;192;96;land;false;plains;1
820;16;64;224;land;false;plains;1
821;144;64;224;land;false;plains;1
822;16;192;224;land;false;plains;1
823;144;192;224;land;false;plains;1
824;80;64;96;land;false;plains;1
825;208;64;96;land;false;plains;1
826;80;192;96;land;false;plains;1
827;208;192;96;land;false;plains;1
828;80;64;224;land;false;plains;1
829;208;64;224;land;false;plains;1
830;80;192;224;land;false;plains;1
831;208;192;224;land;false;plains;1
832;48;0;32;land;false;plains;1
833;176;0;32;land;false;plains;1
834;48;128;32;land;false;plains;1
835;176;128;32;land;false;plains;1
836;48;0;160;land;false;plains;1
837;176;0;160;land;false;plains;1
838;48;128;160;land;false;plains;1
839;176;128;160;land;false;plains;1
840;112;0;32;land;false;plains;1
841;240;0;32;land;false;plains;1
842;112;128;32;land;false;plains;1
843;240;128;32;land;false;plains;1
844;112;0;160;land;false;plains;1
845;240;0;160;land;false;plains;1
846;112;128;160;land;false;plains;1
847;240;128;160;land;false;plains;1
848;48;64;32;land;false;plains;1
849;176;64;32;land;false;plains;1
850;48;192;32;land;false;plains;1
851;176;192;32;land;false;plains;1
852;48;64;160;land;false;plains;1
853;176;64;160;land;false;plains;1
854;48;192;160;land;false;plains;1
855;176;192;160;land;false;plains;1
856;112;64;32;land;false;plains;1
857;240;64;32;land;false;plains;1
858;112;192;32;land;false;plains;1
859;240;192;32;land;false;plains;1
860;112;64;160;land;false;plains;1
861;240;64;160;land;false;plains;1
862;112;192;160;land;false;plains;1
863;240;192;160;land;false;plains;1
864;48;0;96;land;false;plains;1
865;176;0;96;land;false;plains;1
866;48;128;96;land;false;plains;1
867;176;128;96;land;false;plains;1
868;48;0;224;land;false;plains;1
869;176;0;224;land;false;plains;1
870;48;128;224;land;false;plains;1
871;176;128;224;land;false;plains;1
872;112;0;96;land;false;plains;1
873;240;0;96;land;false;plains;1
874;112;128;96;land;false;plains;1
875;240;128;96;land;false;plains;1
876;112;0;224;land;false;plains;1
877;240;0;224;land;false;plains;1
878;112;128;224;land;false;plains;1
879;240;128;224;land;false;plains;1
880;48;64;96;land;false;plains;1
881;176;64;96;land;false;plains;1
882;48;192;96;land;false;plains;1
883;176;192;96;land;false;plains;1
884;48;64;224;land;false;plains;1
885;176;64;224;land;false;plains;1
886;48;192;224;land;false;plains;1
887;176;192;224;land;false;plains;1
888;112;64;96;land;false;plains;1
889;240;64;96;land;false;plains;1
890;112;192;96;land;false;plains;1
891;240;192;96;land;false;plains;1
892;112;64;224;land;false;plains;1
893;240;64;224;land;false;plains;1
894;112;192;224;land;false;plains;1
895;240;192;224;land;false;plains;1
896;16;32;32;land;false;plains;1
897;144;32;32;land;false;plains;1
898;16;160;32;land;false;plains;1
899;144;160;32;land;false;plains;1
900;16;32;160;land;false;plains;1
901;144;32;160;land;false;plains;1
902;16;160;160;land;false;plains;1
903;144;160;160;land;false;plains;1
904;80;32;32;land;false;plains;1
905;208;32;32;land;false;plains;1
906;80;160;32;land;false;plains;1
907;208;160;32;land;false;plains;1
908;80;32;160;land;false;plains;1
909;208;32;160;land;false;plains;1
910;80;160;160;land;false;plains;1
911;208;160;160;land;false;plains;1
912;16;96;32;land;false;plains;1
913;144;96;32;land;false;plains;1
914;16;224;32;land;false;plains;1
915;144;224;32;land;false;plains;1
916;16;96;160;land;false;plains;1
917;144;96;160;land;false;plains;1
918;16;224;160;land;false;plains;1
919;144;224;160;land;false;plains;1
920;80;96;32;land;false;plains;1
921;208;96;32;land;false;plains;1
922;80;224;32;land;false;plains;1
923;208;224;32;land;false;plains;1
924;80;96;160;land;false;plains;1
925;208;96;160;land;false;plains;1
926;80;224;160;land;false;plains;1
927;208;224;160;land;false;plains;1
928;16;32;96;land;false;plains;1
929;144;32;96;land;false;plains;1
930;16;160;96;land;false;plains;1
931;144;160;96;land;false;plains;1
932;16;32;224;land;false;plains;1
933;144;32;224;land;false;plains;1
934;16;160;224;land;false;plains;1
935;144;160;224;land;false;plains;1
936;80;32;96;land;false;plains;1
937;208;32;96;land;false;plains;1
938;80;160;96;land;false;plains;1
939;208;160;96;land;false;plains;1
940;80;32;224;land;false;plains;1
941;208;32;224;land;false;plains;1
942;80;160;224;land;false;plains;1
943;208;160;224;land;false;plains;1
944;16;96;96;land;false;plains;1
945;144;96;96;land;false;plains;1
946;16;224;96;land;false;plains;1
947;144;224;96;land;false;plains;1
948;16;96;224;land;false;plains;1
949;144;96;224;land;false;plains;1
950;16;224;224;land;false;plains;1
951;144;224;224;land;false;plains;1
952;80;96;96;land;false;plains;1
953;208;96;96;land;false;plains;1
954;80;224;96;land;false;plains;1
955;208;224;96;land;false;plains;1
956;80;96;224;land;false;plains;1
957;208;96;224;land;false;plains;1
958;80;224;224;land;false;plains;1
959;208;224;224;land;false;plains;1
960;48;32;32;land;false;plains;1
961;176;32;32;land;false;plains;1
962;48;160;32;land;false;plains;1
963;176;160;32;land;false;plains;1
964;48;32;160;land;false;plains;1
965;176;32;160;land;false;plains;1
966;48;160;160;land;false;plains;1
967;176;160;160;land;false;plains;1
968;112;32;32;land;false;plains;1
969;240;32;32;land;false;plains;1
970;112;160;32;land;false;plains;1
971;240;160;32;land;false;plains;1
972;112;32;160;land;false;plains;1
973;240;32;160;land;false;plains;1
974;112;160;160;land;false;plains;1
975;240;160;160;land;false;plains;1
976;48;96;32;land;false;plains;1
977;176;96;32;land;false;plains;1
978;48;224;32;land;false;plains;1
979;176;224;32;land;false;plains;1
980;48;96;160;land;false;plains;1
981;176;96;160;land;false;plains;1
982;48;224;160;land;false;plains;1
983;176;224;160;land;false;plains;1
984;112;96;32;land;false;plains;1
985;240;96;32;land;false;plains;1
986;112;224;32;land;false;plains;1
987;240;224;32;land;false;plains;1
988;112;96;160;land;false;plains;1
989;240;96;160;land;false;plains;1
990;112;224;160;land;false;plains;1
991;240;224;160;land;false;plains;1
992;48;32;96;land;false;plains;1
993;176;32;96;land;false;plains;1
994;48;160;96;land;false;plains;1
995;176;160;96;land;false;plains;1
996;48;32;224;land;false;plains;1
997;176;32;224;land;false;plains;1
998;48;160;224;land;false;plains;1
999;176;160;224;land;false;plains;1
1000;112;32;96;land;false;plains;1
1001;240;32;96;land;false;plains;1
1002;112;160;96;land;false;plains;1
1003;240;160;96;land;false;plains;1
1004;112;32;224;land;false;plains;1
1005;240;32;224;land;false;plains;1
1006;112;160;224;land;false;plains;1
1007;240;160;224;land;false;plains;1
1008;48;96;96;land;false;plains;1
1009;176;96;96;land;false;plains;1
1010;48;224;96;land;false;plains;1
1011;176;224;96;land;false;plains;1
1012;48;96;224;land;false;plains;1
1013;176;96;224;land;false;plains;1
1014;48;224;224;land;false;plains;1
1015;176;224;224;land;false;plains;1
1016;112;96;96;land;false;plains;1
1017;240;96;96;land;false;plains;1
1018;112;224;96;land;false;plains;1
1019;240;224;96;land;false;plains;1
1020;112;96;224;land;false;plains;1
1021;240;96;224;land;false;plains;1
1022;112;224;224;land;false;plains;1
1023;240;224;224;land;false;plains;1
1024;0;16;0;land;false;plains;1
1025;128;16;0;land;false;plains;1
1026;0;144;0;land;false;plains;1
1027;128;144;0;land;false;plains;1
1028;0;16;128;land;false;plains;1
1029;128;16;128;land;false;plains;1
1030;0;144;128;land;false;plains;1
1031;128;144;128;land;false;plains;1
1032;64;16;0;land;false;plains;1
1033;192;16;0;land;false;plains;1
1034;64;144;0;land;false;plains;1
1035;192;144;0;land;false;plains;1
1036;64;16;128;land;false;plains;1
1037;192;16;128;land;false;plains;1
1038;64;144;128;land;false;plains;1
1039;192;144;128;land;false;plains;1
1040;0;80;0;land;false;plains;1
1041;128;80;0;land;false;plains;1
1042;0;208;0;land;false;plains;1
1043;128;208;0;land;false;plains;1
1044;0;80;128;land;false;plains;1
1045;128;80;128;land;false;plains;1
1046;0;208;128;land;false;plains;1
1047;128;208;128;land;false;plains;1
1048;64;80;0;land;false;plains;1
1049;192;80;0;land;false;plains;1
1050;64;208;0;land;false;plains;1
1051;192;208;0;land;false;plains;1
1052;64;80;128;land;false;plains;1
1053;192;80;128;land;false;plains;1
1054;64;208;128;land;false;plains;1
1055;192;208;128;land;false;plains;1
1056;0;16;64;land;false;plains;1
1057;128;16;64;land;false;plains;1
1058;0;144;64;land;false;plains;1
1059;128;144;64;land;false;plains;1
1060;0;16;192;land;false;plains;1
1061;128;16;192;land;false;plains;1
1062;0;144;192;land;false;plains;1
1063;128;144;192;land;false;plains;1
1064;64;16;64;land;false;plains;1
1065;192;16;64;land;false;plains;1
1066;64;144;64;land;false;plains;1
1067;192;144;64;land;false;plains;1
1068;64;16;192;land;false;plains;1
1069;192;16;192;land;false;plains;1
1070;64;144;192;land;false;plains;1
1071;192;144;192;land;false;plains;1
1072;0;80;64;land;false;plains;1
1073;128;80;64;land;false;plains;1
1074;0;208;64;land;false;plains;1
1075;128;208;64;land;false;plains;1
1076;0;80;192;land;false;plains;1
1077;128;80;192;land;false;plains;1
1078;0;208;192;land;false;plains;1
1079;128;208;192;land;false;plains;1
1080;64;80;64;land;false;plains;1
1081;192;80;64;land;false;plains;1
1082;64;208;64;land;false;plains;1
1083;192;208;64;land;false;plains;1
1084;64;80;192;land;false;plains;1
1085;192;80;192;land;false;plains;1
1086;64;208;192;land;false;plains;1
1087;192;208;192;land;false;plains;1
1088;32;16;0;land;false;plains;1
1089;160;16;0;land;false;plains;1
1090;32;144;0;land;false;plains;1
1091;160;144;0;land;false;plains;1
1092;32;16;128;land;false;plains;1
1093;160;16;128;land;false;plains;1
1094;32;144;128;land;false;plains;1
1095;160;144;128;land;false;plains;1
1096;96;16;0;land;false;plains;1
1097;224;16;0;land;false;plains;1
1098;96;144;0;land;false;plains;1
1099;224;144;0;land;false;plains;1
1100;96;16;128;land;false;plains;1
1101;224;16;128;land;false;plains;1
1102;96;144;128;land;false;plains;1
1103;224;144;128;land;false;plains;1
1104;32;80;0;land;false;plains;1
1105;160;80;0;land;false;plains;1
1106;32;208;0;land;false;plains;1
1107;160;208;0;land;false;plains;1
1108;32;80;128;land;false;plains;1
1109;160;80;128;land;false;plains;1
1110;32;208;128;land;false;plains;1
1111;160;208;128;land;false;plains;1
1112;96;80;0;land;false;plains;1
1113;224;80;0;land;false;plains;1
1114;96;208;0;land;false;plains;1
1115;224;208;0;land;false;plains;1
1116;96;80;128;land;false;plains;1
1117;224;80;128;land;false;plains;1
1118;96;208;128;land;false;plains;1
1119;224;208;128;land;false;plains;1
1120;32;16;64;land;false;plains;1
1121;160;16;64;land;false;plains;1
1122;32;144;64;land;false;plains;1
1123;160;144;64;land;false;plains;1
1124;32;16;192;land;false;plains;1
1125;160;16;192;land;false;plains;1
1126;32;144;192;land;false;plains;1
1127;160;144;192;land;false;plains;1
1128;96;16;64;land;false;plains;1
1129;224;16;64;land;false;plains;1
1130;96;144;64;land;false;plains;1
1131;224;144;64;land;false;plains;1
1132;96;16;192;land;false;plains;1
1133;224;16;192;land;false;plains;1
1134;96;144;192;land;false;plains;1
1135;224;144;192;land;false;plains;1
1136;32;80;64;land;false;plains;1
1137;160;80;64;land;false;plains;1
1138;32;208;64;land;false;plains;1
1139;160;208;64;land;false;plains;1
1140;32;80;192;land;false;plains;1
1141;160;80;192;land;false;plains;1
1142;32;208;192;land;false;plains;1
1143;160;208;192;land;false;plains;1
1144;96;80;64;land;false;plains;1
1145;224;80;64;land;false;plains;1
1146;96;208;64;land;false;plains;1
1147;224;208;64;land;false;plains;1
1148;96;80;192;land;false;plains;1
1149;224;80;192;land;false;plains;1
1150;96;208;192;land;false;plains;1
1151;224;208;192;land;false;plains;1
1152;0;48;0;land;false;plains;1
1153;128;48;0;land;false;plains;1
1154;0;176;0;land;false;plains;1
1155;128;176;0;land;false;plains;1
1156;0;48;128;land;false;plains;1
1157;128;48;128;land;false;plains;1
1158;0;176;128;land;false;plains;1
1159;128;176;128;land;false;plains;1
1160;64;48;0;land;false;plains;1
1161;192;48;0;land;false;plains;1
1162;64;176;0;land;false;plains;1
1163;192;176;0;land;false;plains;1
1164;64;48;128;land;false;plains;1
1165;192;48;128;land;false;plains;1
1166;64;176;128;land;false;plains;1
1167;192;176;128;land;false;plains;1
1168;0;112;0;land;false;plains;1
1169;128;112;0;land;false;plains;1
1170;0;240;0;land;false;plains;1
1171;128;240;0;land;false;plains;1
1172;0;112;128;land;false;plains;1
1173;128;112;128;land;false;plains;1
1174;0;240;128;land;false;plains;1
1175;128;240;128;land;false;plains;1
1176;64;112;0;land;false;plains;1
1177;192;112;0;land;false;plains;1
1178;64;240;0;land;false;plains;1
1179;192;240;0;land;false;plains;1
1180;64;112;128;land;false;plains;1
1181;192;112;128;land;false;plains;1
1182;64;240;128;land;false;plains;1
1183;192;240;128;land;false;plains;1
1184;0;48;64;land;false;plains;1
1185;128;48;64;land;false;plains;1
1186;0;176;64;land;false;plains;1
1187;128;176;64;land;false;plains;1
1188;0;48;192;land;false;plains;1
1189;128;48;192;land;false;plains;1
1190;0;176;192;land;false;plains;1
1191;128;176;192;land;false;plains;1
1192;64;48;64;land;false;plains;1
1193;192;48;64;land;false;plains;1
1194;64;176;64;land;false;plains;1
1195;192;176;64;land;false;plains;1
1196;64;48;192;land;false;plains;1
1197;192;48;192;land;false;plains;1
1198;64;176;192;land;false;plains;1
1199;192;176;192;land;false;plains;1
1200;0;112;64;land;false;plains;1
1201;128;112;64;land;false;plains;1
1202;0;240;64;land;false;plains;1
1203;128;240;64;land;false;plains;1
1204;0;112;192;land;false;plains;1
1205;128;112;192;land;false;plains;1
1206;0;240;192;land;false;plains;1
1207;128;240;192;land;false;plains;1
1208;64;112;64;land;false;plains;1
1209;192;112;64;land;false;plains;1
1210;64;240;64;land;false;plains;1
1211;192;240;64;land;false;plains;1
1212;64;112;192;land;false;plains;1
1213;192;112;192;land;false;plains;1
1214;64;240;192;land;false;plains;1
1215;192;240;192;land;false;plains;1
1216;32;48;0;land;false;plains;1
1217;160;48;0;land;false;plains;1
1218;32;176;0;land;false;plains;1
1219;160;176;0;land;false;plains;1
1220;32;48;128;land;false;plains;1
1221;160;48;128;land;false;plains;1
1222;32;176;128;land;false;plains;1
1223;160;176;128;land;false;plains;1
1224;96;48;0;land;false;plains;1
1225;224;48;0;land;false;plains;1
1226;96;176;0;land;false;plains;1
1227;224;176;0;land;false;plains;1
1228;96;48;128;land;false;plains;1
1229;224;48;128;land;false;plains;1
1230;96;176;128;land;false;plains;1
1231;224;176;128;land;false;plains;1
1232;32;112;0;land;false;plains;1
1233;160;112;0;land;false;plains;1
1234;32;240;0;land;false;plains;1
1235;160;240;0;land;false;plains;1
1236;32;112;128;land;false;plains;1
1237;160;112;128;land;false;plains;1
1238;32;240;128;land;false;plains;1
1239;160;240;128;land;false;plains;1
1240;96;112;0;land;false;plains;1
1241;224;112;0;land;false;plains;1
1242;96;240;0;land;false;plains;1
1243;224;240;0;land;false;plains;1
1244;96;112;128;land;false;plains;1
1245;224;112;128;land;false;plains;1
1246;96;240;128;land;false;plains;1
1247;224;240;128;land;false;plains;1
1248;32;48;64;land;false;plains;1
1249;160;48;64;land;false;plains;1
1250;32;176;64;land;false;plains;1
1251;160;176;64;land;false;plains;1
1252;32;48;192;land;false;plains;1
1253;160;48;192;land;false;plains;1
1254;32;176;192;land;false;plains;1
1255;160;176;192;land;false;plains;1
1256;96;48;64;land;false;plains;1
1257;224;48;64;land;false;plains;1
1258;96;176;64;land;false;plains;1
1259;224;176;64;land;false;plains;1
1260;96;48;192;land;false;plains;1
1261;224;48;192;land;false;plains;1
1262;96;176;192;land;false;plains;1
1263;224;176;192;land;false;plains;1
1264;32;112;64;land;false;plains;1
1265;160;112;64;land;false;plains;1
1266;32;240;64;land;false;plains;1
1267;160;240;64;land;false;plains;1
1268;32;112;192;land;false;plains;1
1269;160;112;192;land;false;plains;1
1270;32;240;192;land;false;plains;1
1271;160;240;192;land;false;plains;1
1272;96;112;64;land;false;plains;1
1273;224;112;64;land;false;plains;1
1274;96;240;64;land;false;plains;1
1275;224;240;64;land;false;plains;1
1276;96;112;192;land;false;plains;1
1277;224;112;192;land;false;plains;1
1278;96;240;192;land;false;plains;1
1279;224;240;192;land;false;plains;1
1280;0;16;32;land;false;plains;1
1281;128;16;32;land;false;plains;1
1282;0;144;32;land;false;plains;1
1283;128;144;32;land;false;plains;1
1284;0;16;160;land;false;plains;1
1285;128;16;160;land;false;plains;1
1286;0;144;160;land;false;plains;1
1287;128;144;160;land;false;plains;1
1288;64;16;32;land;false;plains;1
1289;192;16;32;land;false;plains;1
1290;64;144;32;land;false;plains;1
1291;192;144;32;land;false;plains;1
1292;64;16;160;land;false;plains;1
1293;192;16;160;land;false;plains;1
1294;64;144;160;land;false;plains;1
1295;192;144;160;land;false;plains;1
1296;0;80;32;land;false;plains;1
1297;128;80;32;land;false;plains;1
1298;0;208;32;land;false;plains;1
1299;128;208;32;land;false;plains;1
1300;0;80;160;land;false;plains;1
1301;128;80;160;land;false;plains;1
1302;0;208;160;land;false;plains;1
1303;128;208;160;land;false;plains;1
1304;64;80;32;land;false;plains;1
1305;192;80;32;land;false;plains;1
1306;64;208;32;land;false;plains;1
1307;192;208;32;land;false;plains;1
1308;64;80;160;land;false;plains;1
1309;192;80;160;land;false;plains;1
1310;64;208;160;land;false;plains;1
1311;192;208;160;land;false;plains;1
1312;0;16;96;land;false;plains;1
1313;128;16;96;land;false;plains;1
1314;0;144;96;land;false;plains;1
1315;128;144;96;land;false;plains;1
1316;0;16;224;land;false;plains;1
1317;128;16;224;land;false;plains;1
1318;0;144;224;land;false;plains;1
1319;128;144;224;land;false;plains;1
1320;64;16;96;land;false;plains;1
1321;192;16;96;land;false;plains;1
1322;64;144;96;land;false;plains;1
1323;192;144;96;land;false;plains;1
1324;64;16;224;land;false;plains;1
1325;192;16;224;land;false;plains;1
1326;64;144;224;land;false;plains;1
1327;192;144;224;land;false;plains;1
1328;0;80;96;land;false;plains;1
1329;128;80;96;land;false;plains;1
1330;0;208;96;land;false;plains;1
1331;128;208;96;land;false;plains;1
1332;0;80;224;land;false;plains;1
1333;128;80;224;land;false;plains;1
1334;0;208;224;land;false;plains;1
1335;128;208;224;land;false;plains;1
1336;64;80;96;land;false;plains;1
1337;192;80;96;land;false;plains;1
1338;64;208;96;land;false;plains;1
1339;192;208;96;land;false;plains;1
1340;64;80;224;land;false;plains;1
1341;192;80;224;land;false;plains;1
1342;64;208;224;land;false;plains;1
1343;192;208;224;land;false;plains;1
1344;32;16;32;land;false;plains;1
1345;160;16;32;land;false;plains;1
1346;32;144;32;land;false;plains;1
1347;160;144;32;land;false;plains;1
1348;32;16;160;land;false;plains;1
1349;160;16;160;land;false;plains;1
1350;32;144;160;land;false;plains;1
1351;160;144;160;land;false;plains;1
1352;96;16;32;land;false;plains;1
1353;224;16;32;land;false;plains;1
1354;96;144;32;land;false;plains;1
1355;224;144;32;land;false;plains;1
1356;96;16;160;land;false;plains;1
1357;224;16;160;land;false;plains;1
1358;96;144;160;land;false;plains;1
1359;224;144;160;land;false;plains;1
1360;32;80;32;land;false;plains;1
1361;160;80;32;land;false;plains;1
1362;32;208;32;land;false;plains;1
1363;160;208;32;land;false;plains;1
1364;32;80;160;land;false;plains;1
1365;160;80;160;land;false;plains;1
1366;32;208;160;lake;false;plains;1
1367;160;208;160;land;false;plains;1
1368;96;80;32;land;false;plains;1
1369;224;80;32;land;false;plains;1
1370;96;208;32;land;false;plains;1
1371;224;208;32;land;false;plains;1
1372;96;80;160;land;false;plains;1
1373;224;80;160;land;false;plains;1
1374;96;208;160;land;false;plains;1
1375;224;208;160;land;false;plains;1
1376;32;16;96;land;false;plains;1
1377;160;16;96;land;false;plains;1
1378;32;144;96;land;false;plains;1
1379;160;144;96;land;false;plains;1
1380;32;16;224;land;false;plains;1
1381;160;16;224;land;false;plains;1
1382;32;144;224;land;false;plains;1
1383;160;144;224;land;false;plains;1
1384;96;16;96;land;false;plains;1
1385;224;16;96;land;false;plains;1
1386;96;144;96;land;false;plains;1
1387;224;144;96;land;false;plains;1
1388;96;16;224;land;false;plains;1
1389;224;16;224;land;false;plains;1
1390;96;144;224;land;false;plains;1
1391;224;144;224;land;false;plains;1
1392;32;80;96;land;false;plains;1
1393;160;80;96;land;false;plains;1
1394;32;208;96;land;false;plains;1
1395;160;208;96;land;false;plains;1
1396;32;80;224;land;false;plains;1
1397;160;80;224;land;false;plains;1
1398;32;208;224;land;false;plains;1
1399;160;208;224;land;false;plains;1
1400;96;80;96;land;false;plains;1
1401;224;80;96;land;false;plains;1
1402;96;208;96;land;false;plains;1
1403;224;208;96;land;false;plains;1
1404;96;80;224;land;false;plains;1
1405;224;80;224;land;false;plains;1
1406;96;208;224;land;false;plains;1
1407;224;208;224;land;false;plains;1
1408;0;48;32;land;false;plains;1
1409;128;48;32;land;false;plains;1
1410;0;176;32;land;false;plains;1
1411;128;176;32;land;false;plains;1
1412;0;48;160;land;false;plains;1
1413;128;48;160;land;false;plains;1
1414;0;176;160;land;false;plains;1
1415;128;176;160;land;false;plains;1
1416;64;48;32;land;false;plains;1
1417;192;48;32;land;false;plains;1
1418;64;176;32;land;false;plains;1
1419;192;176;32;land;false;plains;1
1420;64;48;160;land;false;plains;1
1421;192;48;160;land;false;plains;1
1422;64;176;160;land;false;plains;1
1423;192;176;160;land;false;plains;1
1424;0;112;32;land;false;plains;1
1425;128;112;32;land;false;plains;1
1426;0;240;32;land;false;plains;1
1427;128;240;32;land;false;plains;1
1428;0;112;160;land;false;plains;1
1429;128;112;160;land;false;plains;1
1430;0;240;160;land;false;plains;1
1431;128;240;160;land;false;plains;1
1432;64;112;32;land;false;plains;1
1433;192;112;32;land;false;plains;1
1434;64;240;32;land;false;plains;1
1435;192;240;32;land;false;plains;1
1436;64;112;160;land;false;plains;1
1437;192;112;160;land;false;plains;1
1438;64;240;160;land;false;plains;1
1439;192;240;160;land;false;plains;1
1440;0;48;96;land;false;plains;1
1441;128;48;96;land;false;plains;1
1442;0;176;96;land;false;plains;1
1443;128;176;96;land;false;plains;1
1444;0;48;224;land;false;plains;1
1445;128;48;224;land;false;plains;1
1446;0;176;224;land;false;plains;1
1447;128;176;224;land;false;plains;1
1448;64;48;96;land;false;plains;1
1449;192;48;96;land;false;plains;1
1450;64;176;96;land;false;plains;1
1451;192;176;96;land;false;plains;1
1452;64;48;224;land;false;plains;1
1453;192;48;224;land;false;plains;1
1454;64;176;224;land;false;plains;1
1455;192;176;224;land;false;plains;1
1456;0;112;96;land;false;plains;1
1457;128;112;96;land;false;plains;1
1458;0;240;96;land;false;plains;1
1459;128;240;96;land;false;plains;1
1460;0;112;224;land;false;plains;1
1461;128;112;224;land;false;plains;1
1462;0;240;224;land;false;plains;1
1463;128;240;224;land;false;plains;1
1464;64;112;96;land;false;plains;1
1465;192;112;96;land;false;plains;1
1466;64;240;96;land;false;plains;1
1467;192;240;96;land;false;plains;1
1468;64;112;224;land;false;plains;1
1469;192;112;224;land;false;plains;1
1470;64;240;224;land;false;plains;1
1471;192;240;224;land;false;plains;1
1472;32;48;32;land;false;plains;1
1473;160;48;32;land;false;plains;1
1474;32;176;32;land;false;plains;1
1475;160;176;32;land;false;plains;1
1476;32;48;160;land;false;plains;1
1477;160;48;160;land;false;plains;1
1478;32;176;160;land;false;plains;1
1479;160;176;160;land;false;plains;1
1480;96;48;32;land;false;plains;1
1481;224;48;32;land;false;plains;1
1482;96;176;32;land;false;plains;1
1483;224;176;32;land;false;plains;1
1484;96;48;160;land;false;plains;1
1485;224;48;160;land;false;plains;1
1486;96;176;160;land;false;plains;1
1487;224;176;160;land;false;plains;1
1488;32;112;32;land;false;plains;1
1489;160;112;32;land;false;plains;1
1490;32;240;32;land;false;plains;1
1491;160;240;32;land;false;plains;1
1492;32;112;160;land;false;plains;1
1493;160;112;160;land;false;plains;1
1494;32;240;160;land;false;plains;1
1495;160;240;160;land;false;plains;1
1496;96;112;32;land;false;plains;1
1497;224;112;32;land;false;plains;1
1498;96;240;32;land;false;plains;1
1499;224;240;32;land;false;plains;1
1500;96;112;160;land;false;plains;1
1501;224;112;160;land;false;plains;1
1502;96;240;160;land;false;plains;1
1503;224;240;160;land;false;plains;1
1504;32;48;96;land;false;plains;1
1505;160;48;96;land;false;plains;1
1506;32;176;96;land;false;plains;1
1507;160;176;96;land;false;plains;1
1508;32;48;224;land;false;plains;1
1509;160;48;224;land;false;plains;1
1510;32;176;224;land;false;plains;1
1511;160;176;224;land;false;plains;1
1512;96;48;96;land;false;plains;1
1513;224;48;96;land;false;plains;1
1514;96;176;96;land;false;plains;1
1515;224;176;96;land;false;plains;1
1516;96;48;224;land;false;plains;1
1517;224;48;224;land;false;plains;1
1518;96;176;224;land;false;plains;1
1519;224;176;224;land;false;plains;1
1520;32;112;96;land;false;plains;1
1521;160;112;96;land;false;plains;1
1522;32;240;96;land;false;plains;1
1523;160;240;96;land;false;plains;1
1524;32;112;224;land;false;plains;1
1525;160;112;224;land;false;plains;1
1526;32;240;224;land;false;plains;1
1527;160;240;224;land;false;plains;1
1528;96;112;96;land;false;plains;1
1529;224;112;96;land;false;plains;1
1530;96;240;96;land;false;plains;1
1531;224;240;96;land;false;plains;1
1532;96;112;224;land;false;plains;1
1533;224;112;224;land;false;plains;1
1534;96;240;224;land;false;plains;1
1535;224;240;224;land;false;plains;1
1536;16;16;0;land;false;plains;1
1537;144;16;0;land;false;plains;1
1538;16;144;0;land;false;plains;1
1539;144;144;0;land;false;plains;1
1540;16;16;128;land;false;plains;1
1541;144;16;128;land;false;plains;1
1542;16;144;128;land;false;plains;1
1543;144;144;128;land;false;plains;1
1544;80;16;0;land;false;plains;1
1545;208;16;0;land;false;plains;1
1546;80;144;0;land;false;plains;1
1547;208;144;0;land;false;plains;1
1548;80;16;128;land;false;plains;1
1549;208;16;128;land;false;plains;1
1550;80;144;128;land;false;plains;1
1551;208;144;128;land;false;plains;1
1552;16;80;0;land;false;plains;1
1553;144;80;0;land;false;plains;1
1554;16;208;0;land;false;plains;1
1555;144;208;0;land;false;plains;1
1556;16;80;128;land;false;plains;1
1557;144;80;128;land;false;plains;1
1558;16;208;128;land;false;plains;1
1559;144;208;128;land;false;plains;1
1560;80;80;0;land;false;plains;1
1561;208;80;0;land;false;plains;1
1562;80;208;0;land;false;plains;1
1563;208;208;0;land;false;plains;1
1564;80;80;128;land;false;plains;1
1565;208;80;128;land;false;plains;1
1566;80;208;128;land;false;plains;1
1567;208;208;128;land;false;plains;1
1568;16;16;64;land;false;plains;1
1569;144;16;64;land;false;plains;1
1570;16;144;64;land;false;plains;1
1571;144;144;64;land;false;plains;1
1572;16;16;192;land;false;plains;1
1573;144;16;192;land;false;plains;1
1574;16;144;192;land;false;plains;1
1575;144;144;192;land;false;plains;1
1576;80;16;64;land;false;plains;1
1577;208;16;64;land;false;plains;1
1578;80;144;64;land;false;plains;1
1579;208;144;64;land;false;plains;1
1580;80;16;192;land;false;plains;1
1581;208;16;192;land;false;plains;1
1582;80;144;192;land;false;plains;1
1583;208;144;192;land;false;plains;1
1584;16;80;64;land;false;plains;1
1585;144;80;64;land;false;plains;1
1586;16;208;64;land;false;plains;1
1587;144;208;64;land;false;plains;1
1588;16;80;192;land;false;plains;1
1589;144;80;192;land;false;plains;1
1590;16;208;192;land;false;plains;1
1591;144;208;192;land;false;plains;1
1592;80;80;64;land;false;plains;1
1593;208;80;64;land;false;plains;1
1594;80;208;64;land;false;plains;1
1595;208;208;64;land;false;plains;1
1596;80;80;192;land;false;plains;1
1597;208;80;192;land;false;plains;1
1598;80;208;192;land;false;plains;1
1599;208;208;192;land;false;plains;1
1600;48;16;0;land;false;plains;1
1601;176;16;0;land;false;plains;1
1602;48;144;0;land;false;plains;1
1603;176;144;0;land;false;plains;1
1604;48;16;128;land;false;plains;1
1605;176;16;128;land;false;plains;1
1606;48;144;128;land;false;plains;1
1607;176;144;128;land;false;plains;1
1608;112;16;0;land;false;plains;1
1609;240;16;0;land;false;plains;1
1610;112;144;0;land;false;plains;1
1611;240;144;0;land;false;plains;1
1612;112;16;128;land;false;plains;1
1613;240;16;128;land;false;plains;1
1614;112;144;128;land;false;plains;1
1615;240;144;128;land;false;plains;1
1616;48;80;0;land;false;plains;1
1617;176;80;0;land;false;plains;1
1618;48;208;0;land;false;plains;1
1619;176;208;0;land;false;plains;1
1620;48;80;128;land;false;plains;1
1621;176;80;128;land;false;plains;1
1622;48;208;128;land;false;plains;1
1623;176;208;128;land;false;plains;1
1624;112;80;0;land;false;plains;1
1625;240;80;0;land;false;plains;1
1626;112;208;0;land;false;plains;1
1627;240;208;0;land;false;plains;1
1628;112;80;128;land;false;plains;1
1629;240;80;128;land;false;plains;1
1630;112;208;128;land;false;plains;1
1631;240;208;128;land;false;plains;1
1632;48;16;64;land;false;plains;1
1633;176;16;64;land;false;plains;1
1634;48;144;64;land;false;plains;1
1635;176;144;64;land;false;plains;1
1636;48;16;192;land;false;plains;1
1637;176;16;192;land;false;plains;1
1638;48;144;192;land;false;plains;1
1639;176;144;192;land;false;plains;1
1640;112;16;64;land;false;plains;1
1641;240;16;64;land;false;plains;1
1642;112;144;64;land;false;plains;1
1643;240;144;64;land;false;plains;1
1644;112;16;192;land;false;plains;1
1645;240;16;192;land;false;plains;1
1646;112;144;192;land;false;plains;1
1647;240;144;192;land;false;plains;1
1648;48;80;64;land;false;plains;1
1649;176;80;64;land;false;plains;1
1650;48;208;64;land;false;plains;1
1651;176;208;64;land;false;plains;1
1652;48;80;192;land;false;plains;1
1653;176;80;192;land;false;plains;1
1654;48;208;192;land;false;plains;1
1655;176;208;192;land;false;plains;1
1656;112;80;64;land;false;plains;1
1657;240;80;64;land;false;plains;1
1658;112;208;64;land;false;plains;1
1659;240;208;64;land;false;plains;1
1660;112;80;192;land;false;plains;1
1661;240;80;192;land;false;plains;1
1662;112;208;192;land;false;plains;1
1663;240;208;192;land;false;plains;1
1664;16;48;0;land;false;plains;1
1665;144;48;0;land;false;plains;1
1666;16;176;0;land;false;plains;1
1667;144;176;0;land;false;plains;1
1668;16;48;128;land;false;plains;1
1669;144;48;128;land;false;plains;1
1670;16;176;128;land;false;plains;1
1671;144;176;128;land;false;plains;1
1672;80;48;0;land;false;plains;1
1673;208;48;0;land;false;plains;1
1674;80;176;0;land;false;plains;1
1675;208;176;0;land;false;plains;1
1676;80;48;128;land;false;plains;1
1677;208;48;128;land;false;plains;1
1678;80;176;128;land;false;plains;1
1679;208;176;128;land;false;plains;1
1680;16;112;0;land;false;plains;1
1681;144;112;0;land;false;plains;1
1682;16;240;0;land;false;plains;1
1683;144;240;0;land;false;plains;1
1684;16;112;128;land;false;plains;1
1685;144;112;128;land;false;plains;1
1686;16;240;128;land;false;plains;1
1687;144;240;128;land;false;plains;1
1688;80;112;0;land;false;plains;1
1689;208;112;0;land;false;plains;1
1690;80;240;0;land;false;plains;1
1691;208;240;0;land;false;plains;1
1692;80;112;128;land;false;plains;1
1693;208;112;128;land;false;plains;1
1694;80;240;128;land;false;plains;1
1695;208;240;128;land;false;plains;1
1696;16;48;64;land;false;plains;1
1697;144;48;64;land;false;plains;1
1698;16;176;64;land;false;plains;1
1699;144;176;64;land;false;plains;1
1700;16;48;192;land;false;plains;1
1701;144;48;192;land;false;plains;1
1702;16;176;192;land;false;plains;1
1703;144;176;192;land;false;plains;1
1704;80;48;64;land;false;plains;1
1705;208;48;64;land;false;plains;1
1706;80;176;64;land;false;plains;1
1707;208;176;64;land;false;plains;1
1708;80;48;192;land;false;plains;1
1709;208;48;192;land;false;plains;1
1710;80;176;192;land;false;plains;1
1711;208;176;192;land;false;plains;1
1712;16;112;64;land;false;plains;1
1713;144;112;64;land;false;plains;1
1714;16;240;64;land;false;plains;1
1715;144;240;64;land;false;plains;1
1716;16;112;192;land;false;plains;1
1717;144;112;192;land;false;plains;1
1718;16;240;192;land;false;plains;1
1719;144;240;192;land;false;plains;1
1720;80;112;64;land;false;plains;1
1721;208;112;64;land;false;plains;1
1722;80;240;64;land;false;plains;1
1723;208;240;64;land;false;plains;1
1724;80;112;192;land;false;plains;1
1725;208;112;192;land;false;plains;1
1726;80;240;192;land;false;plains;1
1727;208;240;192;land;false;plains;1
1728;48;48;0;land;false;plains;1
1729;176;48;0;land;false;plains;1
1730;48;176;0;land;false;plains;1
1731;176;176;0;land;false;plains;1
1732;48;48;128;land;false;plains;1
1733;176;48;128;land;false;plains;1
1734;48;176;128;land;false;plains;1
1735;176;176;128;land;false;plains;1
1736;112;48;0;land;false;plains;1
1737;240;48;0;land;false;plains;1
1738;112;176;0;land;false;plains;1
1739;240;176;0;land;false;plains;1
1740;112;48;128;land;false;plains;1
1741;240;48;128;land;false;plains;1
1742;112;176;128;land;false;plains;1
1743;240;176;128;land;false;plains;1
1744;48;112;0;land;false;plains;1
1745;176;112;0;land;false;plains;1
1746;48;240;0;land;false;plains;1
1747;176;240;0;land;false;plains;1
1748;48;112;128;land;false;plains;1
1749;176;112;128;land;false;plains;1
1750;48;240;128;land;false;plains;1
1751;176;240;128;land;false;plains;1
1752;112;112;0;land;false;plains;1
1753;240;112;0;land;false;plains;1
1754;112;240;0;land;false;plains;1
1755;240;240;0;land;false;plains;1
1756;112;112;128;land;false;plains;1
1757;240;112;128;land;false;plains;1
1758;112;240;128;land;false;plains;1
1759;240;240;128;land;false;plains;1
1760;48;48;64;land;false;plains;1
1761;176;48;64;land;false;plains;1
1762;48;176;64;land;false;plains;1
1763;176;176;64;land;false;plains;1
1764;48;48;192;land;false;plains;1
1765;176;48;192;land;false;plains;1
1766;48;176;192;land;false;plains;1
1767;176;176;192;land;false;plains;1
1768;112;48;64;land;false;plains;1
1769;240;48;64;land;false;plains;1
1770;112;176;64;land;false;plains;1
1771;240;176;64;land;false;plains;1
1772;112;48;192;land;false;plains;1
1773;240;48;192;land;false;plains;1
1774;112;176;192;land;false;plains;1
1775;240;176;192;land;false;plains;1
1776;48;112;64;land;false;plains;1
1777;176;112;64;land;false;plains;1
1778;48;240;64;land;false;plains;1
1779;176;240;64;land;false;plains;1
1780;48;112;192;land;false;plains;1
1781;176;112;192;land;false;plains;1
1782;48;240;192;land;false;plains;1
1783;176;240;192;land;false;plains;1
1784;112;112;64;land;false;plains;1
1785;240;112;64;land;false;plains;1
1786;112;240;64;land;false;plains;1
1787;240;240;64;land;false;plains;1
1788;112;112;192;land;false;plains;1
1789;240;112;192;land;false;plains;1
1790;112;240;192;land;false;plains;1
1791;240;240;192;land;false;plains;1
1792;16;16;32;land;false;plains;1
1793;144;16;32;land;false;plains;1
1794;16;144;32;land;false;plains;1
1795;144;144;32;land;false;plains;1
1796;16;16;160;land;false;plains;1
1797;144;16;160;land;false;plains;1
1798;16;144;160;land;false;plains;1
1799;144;144;160;land;false;plains;1
1800;80;16;32;land;false;plains;1
1801;208;16;32;land;false;plains;1
1802;80;144;32;land;false;plains;1
1803;208;144;32;land;false;plains;1
1804;80;16;160;land;false;plains;1
1805;208;16;160;land;false;plains;1
1806;80;144;160;land;false;plains;1
1807;208;144;160;land;false;plains;1
1808;16;80;32;land;false;plains;1
1809;144;80;32;land;false;plains;1
1810;16;208;32;land;false;plains;1
1811;144;208;32;land;false;plains;1
1812;16;80;160;land;false;plains;1
1813;144;80;160;land;false;plains;1
1814;16;208;160;land;false;plains;1
1815;144;208;160;land;false;plains;1
1816;80;80;32;land;false;plains;1
1817;208;80;32;land;false;plains;1
1818;80;208;32;land;false;plains;1
1819;208;208;32;land;false;plains;1
1820;80;80;160;land;false;plains;1
1821;208;80;160;land;false;plains;1
1822;80;208;160;land;false;plains;1
1823;208;208;160;land;false;plains;1
1824;16;16;96;land;false;plains;1
1825;144;16;96;land;false;plains;1
1826;16;144;96;land;false;plains;1
1827;144;144;96;land;false;plains;1
1828;16;16;224;land;false;plains;1
1829;144;16;224;land;false;plains;1
1830;16;144;224;land;false;plains;1
1831;144;144;224;land;false;plains;1
1832;80;16;96;land;false;plains;1
1833;208;16;96;land;false;plains;1
1834;80;144;96;land;false;plains;1
1835;208;144;96;land;false;plains;1
1836;80;16;224;land;false;plains;1
1837;208;16;224;land;false;plains;1
1838;80;144;224;land;false;plains;1
1839;208;144;224;land;false;plains;1
1840;16;80;96;land;false;plains;1
1841;144;80;96;land;false;plains;1
1842;16;208;96;land;false;plains;1
1843;144;208;96;land;false;plains;1
1844;16;80;224;land;false;plains;1
1845;144;80;224;land;false;plains;1
1846;16;208;224;land;false;plains;1
1847;144;208;224;land;false;plains;1
1848;80;80;96;land;false;plains;1
1849;208;80;96;land;false;plains;1
1850;80;208;96;land;false;plains;1
1851;208;208;96;land;false;plains;1
1852;80;80;224;land;false;plains;1
1853;208;80;224;land;false;plains;1
1854;80;208;224;land;false;plains;1
1855;208;208;224;land;false;plains;1
1856;48;16;32;land;false;plains;1
1857;176;16;32;land;false;plains;1
1858;48;144;32;land;false;plains;1
1859;176;144;32;land;false;plains;1
1860;48;16;160;land;false;plains;1
1861;176;16;160;land;false;plains;1
1862;48;144;160;land;false;plains;1
1863;176;144;160;land;false;plains;1
1864;112;16;32;land;false;plains;1
1865;240;16;32;land;false;plains;1
1866;112;144;32;land;false;plains;1
1867;240;144;32;land;false;plains;1
1868;112;16;160;land;false;plains;1
1869;240;16;160;land;false;plains;1
1870;112;144;160;land;false;plains;1
1871;240;144;160;land;false;plains;1
1872;48;80;32;land;false;plains;1
1873;176;80;32;land;false;plains;1
1874;48;208;32;land;false;plains;1
1875;176;208;32;land;false;plains;1
1876;48;80;160;land;false;plains;1
1877;176;80;160;land;false;plains;1
1878;48;208;160;land;false;plains;1
1879;176;208;160;land;false;plains;1
1880;112;80;32;land;false;plains;1
1881;240;80;32;land;false;plains;1
1882;112;208;32;land;false;plains;1
1883;240;208;32;land;false;plains;1
1884;112;80;160;land;false;plains;1
1885;240;80;160;land;false;plains;1
1886;112;208;160;land;false;plains;1
1887;240;208;160;land;false;plains;1
1888;48;16;96;land;false;plains;1
1889;176;16;96;land;false;plains;1
1890;48;144;96;land;false;plains;1
1891;176;144;96;land;false;plains;1
1892;48;16;224;land;false;plains;1
1893;176;16;224;land;false;plains;1
1894;48;144;224;land;false;plains;1
1895;176;144;224;land;false;plains;1
1896;112;16;96;land;false;plains;1
1897;240;16;96;land;false;plains;1
1898;112;144;96;land;false;plains;1
1899;240;144;96;land;false;plains;1
1900;112;16;224;land;false;plains;1
1901;240;16;224;land;false;plains;1
1902;112;144;224;land;false;plains;1
1903;240;144;224;land;false;plains;1
1904;48;80;96;land;false;plains;1
1905;176;80;96;land;false;plains;1
1906;48;208;96;land;false;plains;1
1907;176;208;96;land;false;plains;1
1908;48;80;224;land;false;plains;1
1909;176;80;224;land;false;plains;1
1910;48;208;224;land;false;plains;1
1911;176;208;224;land;false;plains;1
1912;112;80;96;land;false;plains;1
1913;240;80;96;land;false;plains;1
1914;112;208;96;land;false;plains;1
1915;240;208;96;land;false;plains;1
1916;112;80;224;land;false;plains;1
1917;240;80;224;land;false;plains;1
1918;112;208;224;land;false;plains;1
1919;240;208;224;land;false;plains;1
1920;16;48;32;land;false;plains;1
1921;144;48;32;land;false;plains;1
1922;16;176;32;land;false;plains;1
1923;144;176;32;land;false;plains;1
1924;16;48;160;land;false;plains;1
1925;144;48;160;land;false;plains;1
1926;16;176;160;land;false;plains;1
1927;144;176;160;land;false;plains;1
1928;80;48;32;land;false;plains;1
1929;208;48;32;land;false;plains;1
1930;80;176;32;land;false;plains;1
1931;208;176;32;land;false;plains;1
1932;80;48;160;land;false;plains;1
1933;208;48;160;land;false;plains;1
1934;80;176;160;land;false;plains;1
1935;208;176;160;land;false;plains;1
1936;16;112;32;land;false;plains;1
1937;144;112;32;land;false;plains;1
1938;16;240;32;land;false;plains;1
1939;144;240;32;land;false;plains;1
1940;16;112;160;land;false;plains;1
1941;144;112;160;land;false;plains;1
1942;16;240;160;land;false;plains;1
1943;144;240;160;land;false;plains;1
1944;80;112;32;land;false;plains;1
1945;208;112;32;land;false;plains;1
1946;80;240;32;land;false;plains;1
1947;208;240;32;land;false;plains;1
1948;80;112;160;land;false;plains;1
1949;208;112;160;land;false;plains;1
1950;80;240;160;land;false;plains;1
1951;208;240;160;land;false;plains;1
1952;16;48;96;land;false;plains;1
1953;144;48;96;land;false;plains;1
1954;16;176;96;land;false;plains;1
1955;144;176;96;land;false;plains;1
1956;16;48;224;land;false;plains;1
1957;144;48;224;land;false;plains;1
1958;16;176;224;land;false;plains;1
1959;144;176;224;land;false;plains;1
1960;80;48;96;land;false;plains;1
1961;208;48;96;land;false;plains;1
1962;80;176;96;land;false;plains;1
1963;208;176;96;land;false;plains;1
1964;80;48;224;land;false;plains;1
1965;208;48;224;land;false;plains;1
1966;80;176;224;land;false;plains;1
1967;208;176;224;land;false;plains;1
1968;16;112;96;land;false;plains;1
1969;144;112;96;land;false;plains;1
1970;16;240;96;land;false;plains;1
1971;144;240;96;land;false;plains;1
1972;16;112;224;land;false;plains;1
1973;144;112;224;land;false;plains;1
1974;16;240;224;land;false;plains;1
1975;144;240;224;land;false;plains;1
1976;80;112;96;land;false;plains;1
1977;208;112;96;land;false;plains;1
1978;80;240;96;land;false;plains;1
1979;208;240;96;land;false;plains;1
1980;80;112;224;land;false;plains;1
1981;208;112;224;land;false;plains;1
1982;80;240;224;land;false;plains;1
1983;208;240;224;land;false;plains;1
1984;48;48;32;land;false;plains;1
1985;176;48;32;land;false;plains;1
1986;48;176;32;land;false;plains;1
1987;176;176;32;land;false;plains;1
1988;48;48;160;land;false;plains;1
1989;176;48;160;land;false;plains;1
1990;48;176;160;land;false;plains;1
1991;176;176;160;land;false;plains;1
1992;112;48;32;land;false;plains;1
1993;240;48;32;land;false;plains;1
1994;112;176;32;land;false;plains;1
1995;240;176;32;land;false;plains;1
1996;112;48;160;land;false;plains;1
1997;240;48;160;land;false;plains;1
1998;112;176;160;land;false;plains;1
1999;240;176;160;land;false;plains;1
2000;48;112;32;land;false;plains;1
2001;176;112;32;land;false;plains;1
2002;48;240;32;land;false;plains;1
2003;176;240;32;land;false;plains;1
2004;48;112;160;land;false;plains;1
2005;176;112;160;land;false;plains;1
2006;48;240;160;land;false;plains;1
2007;176;240;160;land;false;plains;1
2008;112;112;32;land;false;plains;1
2009;240;112;32;land;false;plains;1
2010;112;240;32;land;false;plains;1
2011;240;240;32;land;false;plains;1
2012;112;112;160;land;false;plains;1
2013;240;112;160;land;false;plains;1
2014;112;240;160;land;false;plains;1
2015;240;240;160;land;false;plains;1
2016;48;48;96;land;false;plains;1
2017;176;48;96;land;false;plains;1
2018;48;176;96;land;false;plains;1
2019;176;176;96;land;false;plains;1
2020;48;48;224;land;false;plains;1
2021;176;48;224;land;false;plains;1
2022;48;176;224;land;false;plains;1
2023;176;176;224;land;false;plains;1
2024;112;48;96;land;false;plains;1
2025;240;48;96;land;false;plains;1
2026;112;176;96;land;false;plains;1
2027;240;176;96;land;false;plains;1
2028;112;48;224;land;false;plains;1
2029;240;48;224;land;false;plains;1
2030;112;176;224;land;false;plains;1
2031;240;176;224;land;false;plains;1
2032;48;112;96;land;false;plains;1
2033;176;112;96;land;false;plains;1
2034;48;240;96;land;false;plains;1
2035;176;240;96;land;false;plains;1
2036;48;112;224;land;false;plains;1
2037;176;112;224;land;false;plains;1
2038;48;240;224;land;false;plains;1
2039;176;240;224;land;false;plains;1
2040;112;112;96;land;false;plains;1
2041;240;112;96;land;false;plains;1
2042;112;240;96;land;false;plains;1
2043;240;240;96;land;false;plains;1
2044;112;112;224;land;false;plains;1
2045;240;112;224;land;false;plains;1
2046;112;240;224;land;false;plains;1
2047;240;240;224;land;false;plains;1
2048;0;0;16;land;false;plains;1
2049;128;0;16;land;false;plains;1
2050;0;128;16;land;false;plains;1
2051;128;128;16;land;false;plains;1
2052;0;0;144;land;false;plains;1
2053;128;0;144;land;false;plains;1
2054;0;128;144;land;false;plains;1
2055;128;128;144;land;false;plains;1
2056;64;0;16;land;false;plains;1
2057;192;0;16;land;false;plains;1
2058;64;128;16;land;false;plains;1
2059;192;128;16;land;false;plains;1
2060;64;0;144;land;false;plains;1
2061;192;0;144;land;false;plains;1
2062;64;128;144;land;false;plains;1
2063;192;128;144;land;false;plains;1
2064;0;64;16;land;false;plains;1
2065;128;64;16;land;false;plains;1
2066;0;192;16;land;false;plains;1
2067;128;192;16;land;false;plains;1
2068;0;64;144;land;false;plains;1
2069;128;64;144;land;false;plains;1
2070;0;192;144;land;false;plains;1
2071;128;192;144;land;false;plains;1
2072;64;64;16;land;false;plains;1
2073;192;64;16;land;false;plains;1
2074;64;192;16;land;false;plains;1
2075;192;192;16;land;false;plains;1
2076;64;64;144;land;false;plains;1
2077;192;64;144;land;false;plains;1
2078;64;192;144;land;false;plains;1
2079;192;192;144;land;false;plains;1
2080;0;0;80;land;false;plains;1
2081;128;0;80;land;false;plains;1
2082;0;128;80;land;false;plains;1
2083;128;128;80;land;false;plains;1
2084;0;0;208;land;false;plains;1
2085;128;0;208;land;false;plains;1
2086;0;128;208;land;false;plains;1
2087;128;128;208;land;false;plains;1
2088;64;0;80;land;false;plains;1
2089;192;0;80;land;false;plains;1
2090;64;128;80;land;false;plains;1
2091;192;128;80;land;false;plains;1
2092;64;0;208;land;false;plains;1
2093;192;0;208;land;false;plains;1
2094;64;128;208;land;false;plains;1
2095;192;128;208;land;false;plains;1
2096;0;64;80;land;false;plains;1
2097;128;64;80;land;false;plains;1
2098;0;192;80;land;false;plains;1
2099;128;192;80;land;false;plains;1
2100;0;64;208;land;false;plains;1
2101;128;64;208;land;false;plains;1
2102;0;192;208;land;false;plains;1
2103;128;192;208;land;false;plains;1
2104;64;64;80;land;false;plains;1
2105;192;64;80;land;false;plains;1
2106;64;192;80;land;false;plains;1
2107;192;192;80;land;false;plains;1
2108;64;64;208;land;false;plains;1
2109;192;64;208;land;false;plains;1
2110;64;192;208;land;false;plains;1
2111;192;192;208;land;false;plains;1
2112;32;0;16;land;false;plains;1
2113;160;0;16;land;false;plains;1
2114;32;128;16;land;false;plains;1
2115;160;128;16;land;false;plains;1
2116;32;0;144;land;false;plains;1
2117;160;0;144;land;false;plains;1
2118;32;128;144;land;false;plains;1
2119;160;128;144;land;false;plains;1
2120;96;0;16;land;false;plains;1
2121;224;0;16;land;false;plains;1
2122;96;128;16;land;false;plains;1
2123;224;128;16;land;false;plains;1
2124;96;0;144;land;false;plains;1
2125;224;0;144;land;false;plains;1
2126;96;128;144;land;false;plains;1
2127;224;128;144;land;false;plains;1
2128;32;64;16;land;false;plains;1
2129;160;64;16;land;false;plains;1
2130;32;192;16;land;false;plains;1
2131;160;192;16;land;false;plains;1
2132;32;64;144;land;false;plains;1
2133;160;64;144;land;false;plains;1
2134;32;192;144;land;false;plains;1
2135;160;192;144;land;false;plains;1
2136;96;64;16;land;false;plains;1
2137;224;64;16;land;false;plains;1
2138;96;192;16;land;false;plains;1
2139;224;192;16;land;false;plains;1
2140;96;64;144;land;false;plains;1
2141;224;64;144;land;false;plains;1
2142;96;192;144;land;false;plains;1
2143;224;192;144;land;false;plains;1
2144;32;0;80;land;false;plains;1
2145;160;0;80;land;false;plains;1
2146;32;128;80;land;false;plains;1
2147;160;128;80;land;false;plains;1
2148;32;0;208;land;false;plains;1
2149;160;0;208;land;false;plains;1
2150;32;128;208;land;false;plains;1
2151;160;128;208;land;false;plains;1
2152;96;0;80;land;false;plains;1
2153;224;0;80;land;false;plains;1
2154;96;128;80;land;false;plains;1
2155;224;128;80;land;false;plains;1
2156;96;0;208;land;false;plains;1
2157;224;0;208;land;false;plains;1
2158;96;128;208;land;false;plains;1
2159;224;128;208;land;false;plains;1
2160;32;64;80;land;false;plains;1
2161;160;64;80;land;false;plains;1
2162;32;192;80;land;false;plains;1
2163;160;192;80;land;false;plains;1
2164;32;64;208;land;false;plains;1
2165;160;64;208;land;false;plains;1
2166;32;192;208;land;false;plains;1
2167;160;192;208;land;false;plains;1
2168;96;64;80;land;false;plains;1
2169;224;64;80;land;false;plains;1
2170;96;192;80;land;false;plains;1
2171;224;192;80;land;false;plains;1
2172;96;64;208;land;false;plains;1
2173;224;64;208;land;false;plains;1
2174;96;192;208;land;false;plains;1
2175;224;192;208;sea;true;ocean;0
2176;0;32;16;sea;true;ocean;0
2177;128;32;16;sea;true;ocean;0
2178;0;160;16;sea;true;ocean;0
2179;128;160;16;sea;true;ocean;0
2180;0;32;144;sea;true;ocean;0
2181;128;32;144;sea;true;ocean;0
2182;0;160;144;sea;true;ocean;0
2183;128;160;144;sea;true;ocean;0
2184;64;32;16;sea;true;ocean;0
2185;192;32;16;sea;true;ocean;0
2186;64;160;16;sea;true;ocean;0
2187;192;160;16;sea;true;ocean;0
2188;64;32;144;sea;true;ocean;0
2189;192;32;144;sea;true;ocean;0
2190;64;160;144;sea;true;ocean;0
2191;192;160;144;sea;true;ocean;0
2192;0;96;16;sea;true;ocean;0
2193;128;96;16;sea;true;ocean;0
2194;0;224;16;sea;true;ocean;0
2195;128;224;16;sea;true;ocean;0
2196;0;96;144;sea;true;ocean;0
2197;128;96;144;sea;true;ocean;0
2198;0;224;144;sea;true;ocean;0
2199;128;224;144;sea;true;ocean;0
2200;64;96;16;sea;true;ocean;0
2201;192;96;16;sea;true;ocean;0
2202;64;224;16;sea;true;ocean;0
2203;192;224;16;sea;true;ocean;0
2204;64;96;144;sea;true;ocean;0
2205;192;96;144;sea;true;ocean;0
2206;64;224;144;sea;true;ocean;0
2207;192;224;144;sea;true;ocean;0
2208;0;32;80;sea;true;ocean;0
2209;128;32;80;sea;true;ocean;0
2210;0;160;80;sea;true;ocean;0
2211;128;160;80;sea;true;ocean;0
2212;0;32;208;sea;true;ocean;0
2213;128;32;208;sea;true;ocean;0
2214;0;160;208;sea;true;ocean;0
2215;128;160;208;sea;true;ocean;0
2216;64;32;80;sea;true;ocean;0
2217;192;32;80;sea;true;ocean;0
2218;64;160;80;sea;true;ocean;0
2219;192;160;80;sea;true;ocean;0
2220;64;32;208;sea;true;ocean;0
2221;192;32;208;sea;true;ocean;0
2222;64;160;208;sea;true;ocean;0
2223;192;160;208;sea;true;ocean;0
2224;0;96;80;sea;true;ocean;0
2225;128;96;80;sea;true;ocean;0
2226;0;224;80;sea;true;ocean;0
2227;128;224;80;sea;true;ocean;0
2228;0;96;208;sea;true;ocean;0
2229;128;96;208;sea;true;ocean;0
2230;0;224;208;sea;true;ocean;0
2231;128;224;208;sea;true;ocean;0
2232;64;96;80;sea;true;ocean;0
2233;192;96;80;sea;true;ocean;0
2234;64;224;80;sea;true;ocean;0
2235;192;224;80;sea;true;ocean;0
2236;64;96;208;sea;true;ocean;0
2237;192;96;208;sea;true;ocean;0
2238;64;224;208;sea;true;ocean;0
2239;192;224;208;sea;true;ocean;0
2240;32;32;16;sea;true;ocean;0
2241;160;32;16;sea;true;ocean;0
2242;32;160;16;sea;true;ocean;0
2243;160;160;16;sea;true;ocean;0
2244;32;32;144;sea;true;ocean;0
2245;160;32;144;sea;true;ocean;0
2246;32;160;144;sea;true;ocean;0
2247;160;160;144;sea;true;ocean;0
2248;96;32;16;sea;true;ocean;0
2249;224;32;16;sea;true;ocean;0
2250;96;160;16;sea;true;ocean;0
2251;224;160;16;sea;true;ocean;0
2252;96;32;144;sea;true;ocean;0
2253;224;32;144;sea;true;ocean;0
2254;96;160;144;sea;true;ocean;0
2255;224;160;144;sea;true;ocean;0
2256;32;96;16;sea;true;ocean;0
2257;160;96;16;sea;true;ocean;0
2258;32;224;16;sea;true;ocean;0
2259;160;224;16;sea;true;ocean;0
2260;32;96;144;sea;true;ocean;0
2261;160;96;144;sea;true;ocean;0
2262;32;224;144;sea;true;ocean;0
2263;160;224;144;sea;true;ocean;0
2264;96;96;16;sea;true;ocean;0
2265;224;96;16;sea;true;ocean;0
2266;96;224;16;sea;true;ocean;0
2267;224;224;16;sea;true;ocean;0
2268;96;96;144;sea;true;ocean;0
2269;224;96;144;sea;true;ocean;0
2270;96;224;144;sea;true;ocean;0
2271;224;224;144;sea;true;ocean;0
2272;32;32;80;sea;true;ocean;0
2273;160;32;80;sea;true;ocean;0
2274;32;160;80;sea;true;ocean;0
2275;160;160;80;sea;true;ocean;0
2276;32;32;208;sea;true;ocean;0
2277;160;32;208;sea;true;ocean;0
2278;32;160;208;sea;true;ocean;0
2279;160;160;208;sea;true;ocean;0
2280;96;32;80;sea;true;ocean;0
2281;224;32;80;sea;true;ocean;0
2282;96;160;80;sea;true;ocean;0
2283;224;160;80;sea;true;ocean;0
2284;96;32;208;sea;true;ocean;0
2285;224;32;208;sea;true;ocean;0
2286;96;160;208;sea;true;ocean;0
2287;224;160;208;sea;true;ocean;0
2288;32;96;80;sea;true;ocean;0
2289;160;96;80;sea;true;ocean;0
2290;32;224;80;sea;true;ocean;0
2291;160;224;80;sea;true;ocean;0
2292;32;96;208;sea;true;ocean;0
2293;160;96;208;sea;true;ocean;0
2294;32;224;208;sea;true;ocean;0
2295;160;224;208;sea;true;ocean;0
2296;96;96;80;sea;true;ocean;0
2297;224;96;80;sea;true;ocean;0
2298;96;224;80;sea;true;ocean;0
2299;224;224;80;sea;true;ocean;0
2300;96;96;208;sea;true;ocean;0
2301;224;96;208;sea;true;ocean;0
2302;96;224;208;sea;true;ocean;0
2303;224;224;208;sea;true;ocean;0
2304;0;0;48;sea;true;ocean;0
2305;128;0;48;sea;true;ocean;0
2306;0;128;48;sea;true;ocean;0
2307;128;128;48;sea;true;ocean;0
2308;0;0;176;sea;true;ocean;0
2309;128;0;176;sea;true;ocean;0
2310;0;128;176;sea;true;ocean;0
2311;128;128;176;sea;true;ocean;0
2312;64;0;48;sea;true;ocean;0
2313;192;0;48;sea;true;ocean;0
2314;64;128;48;sea;true;ocean;0
2315;192;128;48;sea;true;ocean;0
2316;64;0;176;sea;true;ocean;0
2317;192;0;176;sea;true;ocean;0
2318;64;128;176;sea;true;ocean;0
2319;192;128;176;sea;true;ocean;0
2320;0;64;48;sea;true;ocean;0
2321;128;64;48;sea;true;ocean;0
2322;0;192;48;sea;true;ocean;0
2323;128;192;48;sea;true;ocean;0
2324;0;64;176;sea;true;ocean;0
2325;128;64;176;sea;true;ocean;0
2326;0;192;176;sea;true;ocean;0
2327;128;192;176;sea;true;ocean;0
2328;64;64;48;sea;true;ocean;0
2329;192;64;48;sea;true;ocean;0
2330;64;192;48;sea;true;ocean;0
2331;192;192;48;sea;true;ocean;0
2332;64;64;176;sea;true;ocean;0
2333;192;64;176;sea;true;ocean;0
2334;64;192;176;sea;true;ocean;0
2335;192;192;176;sea;true;ocean;0
2336;0;0;112;sea;true;ocean;0
2337;128;0;112;sea;true;ocean;0
2338;0;128;112;sea;true;ocean;0
2339;128;128;112;sea;true;ocean;0
2340;0;0;240;sea;true;ocean;0
2341;128;0;240;sea;true;ocean;0
2342;0;128;240;sea;true;ocean;0
2343;128;128;240;sea;true;ocean;0
2344;64;0;112;sea;true;ocean;0
2345;192;0;112;sea;true;ocean;0
2346;64;128;112;sea;true;ocean;0
2347;192;128;112;sea;true;ocean;0
2348;64;0;240;sea;true;ocean;0
2349;192;0;240;sea;true;ocean;0
2350;64;128;240;sea;true;ocean;0
2351;192;128;240;sea;true;ocean;0
2352;0;64;112;sea;true;ocean;0
2353;128;64;112;sea;true;ocean;0
2354;0;192;112;sea;true;ocean;0
2355;128;192;112;sea;true;ocean;0
2356;0;64;240;sea;true;ocean;0
2357;128;64;240;sea;true;ocean;0
2358;0;192;240;sea;true;ocean;0
2359;128;192;240;sea;true;ocean;0
2360;64;64;112;sea;true;ocean;0
2361;192;64;112;sea;true;ocean;0
2362;64;192;112;sea;true;ocean;0
2363;192;192;112;sea;true;ocean;0
2364;64;64;240;sea;true;ocean;0
2365;192;64;240;sea;true;ocean;0
2366;64;192;240;sea;true;ocean;0
2367;192;192;240;sea;true;ocean;0
2368;32;0;48;sea;true;ocean;0
2369;160;0;48;sea;true;ocean;0
2370;32;128;48;sea;true;ocean;0
2371;160;128;48;sea;true;ocean;0
2372;32;0;176;sea;true;ocean;0
2373;160;0;176;sea;true;ocean;0
2374;32;128;176;sea;true;ocean;0
2375;160;128;176;sea;true;ocean;0
2376;96;0;48;sea;true;ocean;0
2377;224;0;48;sea;true;ocean;0
2378;96;128;48;sea;true;ocean;0
2379;224;128;48;sea;true;ocean;0
2380;96;0;176;sea;true;ocean;0
2381;224;0;176;sea;true;ocean;0
2382;96;128;176;sea;true;ocean;0
2383;224;128;176;sea;true;ocean;0
2384;32;64;48;sea;true;ocean;0
2385;160;64;48;sea;true;ocean;0
2386;32;192;48;sea;true;ocean;0
2387;160;192;48;sea;true;ocean;0
2388;32;64;176;sea;true;ocean;0
2389;160;64;176;sea;true;ocean;0
2390;32;192;176;sea;true;ocean;0
2391;160;192;176;sea;true;ocean;0
2392;96;64;48;sea;true;ocean;0
2393;224;64;48;sea;true;ocean;0
2394;96;192;48;sea;true;ocean;0
2395;224;192;48;sea;true;ocean;0
2396;96;64;176;sea;true;ocean;0
2397;224;64;176;sea;true;ocean;0
2398;96;192;176;sea;true;ocean;0
2399;224;192;176;sea;true;ocean;0
2400;32;0;112;sea;true;ocean;0
2401;160;0;112;sea;true;ocean;0
2402;32;128;112;sea;true;ocean;0
2403;160;128;112;sea;true;ocean;0
2404;32;0;240;sea;true;ocean;0
2405;160;0;240;sea;true;ocean;0
2406;32;128;240;sea;true;ocean;0
2407;160;128;240;sea;true;ocean;0
2408;96;0;112;sea;true;ocean;0
2409;224;0;112;sea;true;ocean;0
2410;96;128;112;sea;true;ocean;0
2411;224;128;112;sea;true;ocean;0
2412;96;0;240;sea;true;ocean;0
2413;224;0;240;sea;true;ocean;0
2414;96;128;240;sea;true;ocean;0
2415;224;128;240;sea;true;ocean;0
2416;32;64;112;sea;true;ocean;0
2417;160;64;112;sea;true;ocean;0
2418;32;192;112;sea;true;ocean;0
2419;160;192;112;sea;true;ocean;0
2420;32;64;240;sea;true;ocean;0
2421;160;64;240;sea;true;ocean;0
2422;32;192;240;sea;true;ocean;0
2423;160;192;240;sea;true;ocean;0
2424;96;64;112;sea;true;ocean;0
2425;224;64;112;sea;true;ocean;0
2426;96;192;112;sea;true;ocean;0
2427;224;192;112;sea;true;ocean;0
2428;96;64;240;sea;true;ocean;0
2429;224;64;240;sea;true;ocean;0
2430;96;192;240;sea;true;ocean;0
2431;224;192;240;sea;true;ocean;0
2432;0;32;48;sea;true;ocean;0
2433;128;32;48;sea;true;ocean;0
2434;0;160;48;sea;true;ocean;0
2435;128;160;48;sea;true;ocean;0
2436;0;32;176;sea;true;ocean;0
2437;128;32;176;sea;true;ocean;0
2438;0;160;176;sea;true;ocean;0
2439;128;160;176;sea;true;ocean;0
2440;64;32;48;sea;true;ocean;0
2441;192;32;48;sea;true;ocean;0
2442;64;160;48;sea;true;ocean;0
2443;192;160;48;sea;true;ocean;0
2444;64;32;176;sea;true;ocean;0
2445;192;32;176;sea;true;ocean;0
2446;64;160;176;sea;true;ocean;0
2447;192;160;176;sea;true;ocean;0
2448;0;96;48;sea;true;ocean;0
2449;128;96;48;sea;true;ocean;0
2450;0;224;48;sea;true;ocean;0
2451;128;224;48;sea;true;ocean;0
2452;0;96;176;sea;true;ocean;0
2453;128;96;176;sea;true;ocean;0
2454;0;224;176;sea;true;ocean;0
2455;128;224;176;sea;true;ocean;0
2456;64;96;48;sea;true;ocean;0
2457;192;96;48;sea;true;ocean;0
2458;64;224;48;sea;true;ocean;0
2459;192;224;48;sea;true;ocean;0
2460;64;96;176;sea;true;ocean;0
2461;192;96;176;sea;true;ocean;0
2462;64;224;176;sea;true;ocean;0
2463;192;224;176;sea;true;ocean;0
2464;0;32;112;sea;true;ocean;0
2465;128;32;112;sea;true;ocean;0
2466;0;160;112;sea;true;ocean;0
2467;128;160;112;sea;true;ocean;0
2468;0;32;240;sea;true;ocean;0
2469;128;32;240;sea;true;ocean;0
2470;0;160;240;sea;true;ocean;0
2471;128;160;240;sea;true;ocean;0
2472;64;32;112;sea;true;ocean;0
2473;192;32;112;sea;true;ocean;0
2474;64;160;112;sea;true;ocean;0
2475;192;160;112;sea;true;ocean;0
2476;64;32;240;sea;true;ocean;0
2477;192;32;240;sea;true;ocean;0
2478;64;160;240;sea;true;ocean;0
2479;192;160;240;sea;true;ocean;0
2480;0;96;112;sea;true;ocean;0
2481;128;96;112;sea;true;ocean;0
2482;0;224;112;sea;true;ocean;0
2483;128;224;112;sea;true;ocean;0
2484;0;96;240;sea;true;ocean;0
2485;128;96;240;sea;true;ocean;0
2486;0;224;240;sea;true;ocean;0
2487;128;224;240;sea;true;ocean;0
2488;64;96;112;sea;true;ocean;0
2489;192;96;112;sea;true;ocean;0
2490;64;224;112;sea;true;ocean;0
2491;192;224;112;sea;true;ocean;0
2492;64;96;240;sea;true;ocean;0
2493;192;96;240;sea;true;ocean;0
2494;64;224;240;sea;true;ocean;0
2495;192;224;240;sea;true;ocean;0
2496;32;32;48;sea;true;ocean;0
2497;160;32;48;sea;true;ocean;0
2498;32;160;48;sea;true;ocean;0
2499;160;160;48;sea;true;ocean;0
2500;32;32;176;sea;true;ocean;0
2501;160;32;176;sea;true;ocean;0
2502;32;160;176;sea;true;ocean;0
2503;160;160;176;sea;true;ocean;0
2504;96;32;48;sea;true;ocean;0
2505;224;32;48;sea;true;ocean;0
2506;96;160;48;sea;true;ocean;0
2507;224;160;48;sea;true;ocean;0
2508;96;32;176;sea;true;ocean;0
2509;224;32;176;sea;true;ocean;0
2510;96;160;176;sea;true;ocean;0
2511;224;160;176;sea;true;ocean;0
2512;32;96;48;sea;true;ocean;0
2513;160;96;48;sea;true;ocean;0
2514;32;224;48;sea;true;ocean;0
2515;160;224;48;sea;true;ocean;0
2516;32;96;176;sea;true;ocean;0
2517;160;96;176;sea;true;ocean;0
2518;32;224;176;sea;true;ocean;0
2519;160;224;176;sea;true;ocean;0
2520;96;96;48;sea;true;ocean;0
2521;224;96;48;sea;true;ocean;0
2522;96;224;48;sea;true;ocean;0
2523;224;224;48;sea;true;ocean;0
2524;96;96;176;sea;true;ocean;0
2525;224;96;176;sea;true;ocean;0
2526;96;224;176;sea;true;ocean;0
2527;224;224;176;sea;true;ocean;0
2528;32;32;112;sea;true;ocean;0
2529;160;32;112;sea;true;ocean;0
2530;32;160;112;sea;true;ocean;0
2531;160;160;112;sea;true;ocean;0
2532;32;32;240;sea;true;ocean;0
2533;160;32;240;sea;true;ocean;0
2534;32;160;240;sea;true;ocean;0
2535;160;160;240;sea;true;ocean;0
2536;96;32;112;sea;true;ocean;0
2537;224;32;112;sea;true;ocean;0
2538;96;160;112;sea;true;ocean;0
2539;224;160;112;sea;true;ocean;0
2540;96;32;240;sea;true;ocean;0
2541;224;32;240;sea;true;ocean;0
2542;96;160;240;sea;true;ocean;0
2543;224;160;240;sea;true;ocean;0
2544;32;96;112;sea;true;ocean;0
2545;160;96;112;sea;true;ocean;0
2546;32;224;112;sea;true;ocean;0
2547;160;224;112;sea;true;ocean;0
2548;32;96;240;sea;true;ocean;0
2549;160;96;240;sea;true;ocean;0
2550;32;224;240;sea;true;ocean;0
2551;160;224;240;sea;true;ocean;0
2552;96;96;112;sea;true;ocean;0
2553;224;96;112;sea;true;ocean;0
2554;96;224;112;sea;true;ocean;0
2555;224;224;112;sea;true;ocean;0
2556;96;96;240;sea;true;ocean;0
2557;224;96;240;sea;true;ocean;0
2558;96;224;240;sea;true;ocean;0
2559;224;224;240;sea;true;ocean;0
2560;16;0;16;sea;true;ocean;0
2561;144;0;16;sea;true;ocean;0
2562;16;128;16;sea;true;ocean;0
2563;144;128;16;sea;true;ocean;0
2564;16;0;144;sea;true;ocean;0
2565;144;0;144;sea;true;ocean;0
2566;16;128;144;sea;true;ocean;0
2567;144;128;144;sea;true;ocean;0
2568;80;0;16;sea;true;ocean;0
2569;208;0;16;sea;true;ocean;0
2570;80;128;16;sea;true;ocean;0
2571;208;128;16;sea;true;ocean;0
2572;80;0;144;sea;true;ocean;0
2573;208;0;144;sea;true;ocean;0
2574;80;128;144;sea;true;ocean;0
2575;208;128;144;sea;true;ocean;0
2576;16;64;16;sea;true;ocean;0
2577;144;64;16;sea;true;ocean;0
2578;16;192;16;sea;true;ocean;0
2579;144;192;16;sea;true;ocean;0
2580;16;64;144;sea;true;ocean;0
2581;144;64;144;sea;true;ocean;0
2582;16;192;144;sea;true;ocean;0
2583;144;192;144;sea;true;ocean;0
2584;80;64;16;sea;true;ocean;0
2585;208;64;16;sea;true;ocean;0
2586;80;192;16;sea;true;ocean;0
2587;208;192;16;sea;true;ocean;0
2588;80;64;144;sea;true;ocean;0
2589;208;64;144;sea;true;ocean;0
2590;80;192;144;sea;true;ocean;0
2591;208;192;144;sea;true;ocean;0
2592;16;0;80;sea;true;ocean;0
2593;144;0;80;sea;true;ocean;0
2594;16;128;80;sea;true;ocean;0
2595;144;128;80;sea;true;ocean;0
2596;16;0;208;sea;true;ocean;0
2597;144;0;208;sea;true;ocean;0
2598;16;128;208;sea;true;ocean;0
2599;144;128;208;sea;true;ocean;0
2600;80;0;80;sea;true;ocean;0
2601;208;0;80;sea;true;ocean;0
2602;80;128;80;sea;true;ocean;0
2603;208;128;80;sea;true;ocean;0
2604;80;0;208;sea;true;ocean;0
2605;208;0;208;sea;true;ocean;0
2606;80;128;208;sea;true;ocean;0
2607;208;128;208;sea;true;ocean;0
2608;16;64;80;sea;true;ocean;0
2609;144;64;80;sea;true;ocean;0
2610;16;192;80;sea;true;ocean;0
2611;144;192;80;sea;true;ocean;0
2612;16;64;208;sea;true;ocean;0
2613;144;64;208;sea;true;ocean;0
2614;16;192;208;sea;true;ocean;0
2615;144;192;208;sea;true;ocean;0
2616;80;64;80;sea;true;ocean;0
2617;208;64;80;sea;true;ocean;0
2618;80;192;80;sea;true;ocean;0
2619;208;192;80;sea;true;ocean;0
2620;80;64;208;sea;true;ocean;0
2621;208;64;208;sea;true;ocean;0
2622;80;192;208;sea;true;ocean;0
2623;208;192;208;sea;true;ocean;0
2624;48;0;16;sea;true;ocean;0
2625;176;0;16;sea;true;ocean;0
2626;48;128;16;sea;true;ocean;0
2627;176;128;16;sea;true;ocean;0
2628;48;0;144;sea;true;ocean;0
2629;176;0;144;sea;true;ocean;0
2630;48;128;144;sea;true;ocean;0
2631;176;128;144;sea;true;ocean;0
2632;112;0;16;sea;true;ocean;0
2633;240;0;16;sea;true;ocean;0
2634;112;128;16;sea;true;ocean;0
2635;240;128;16;sea;true;ocean;0
2636;112;0;144;sea;true;ocean;0
2637;240;0;144;sea;true;ocean;0
2638;112;128;144;sea;true;ocean;0
2639;240;128;144;sea;true;ocean;0
2640;48;64;16;sea;true;ocean;0
2641;176;64;16;sea;true;ocean;0
2642;48;192;16;sea;true;ocean;0
2643;176;192;16;sea;true;ocean;0
2644;48;64;144;sea;true;ocean;0
2645;176;64;144;sea;true;ocean;0
2646;48;192;144;sea;true;ocean;0
2647;176;192;144;sea;true;ocean;0
2648;112;64;16;sea;true;ocean;0
2649;240;64;16;sea;true;ocean;0
2650;112;192;16;sea;true;ocean;0
2651;240;192;16;sea;true;ocean;0
2652;112;64;144;sea;true;ocean;0
2653;240;64;144;sea;true;ocean;0
2654;112;192;144;sea;true;ocean;0
2655;240;192;144;sea;true;ocean;0
2656;48;0;80;sea;true;ocean;0
2657;176;0;80;sea;true;ocean;0
2658;48;128;80;sea;true;ocean;0
2659;176;128;80;sea;true;ocean;0
2660;48;0;208;sea;true;ocean;0
2661;176;0;208;sea;true;ocean;0
2662;48;128;208;sea;true;ocean;0
2663;176;128;208;sea;true;ocean;0
2664;112;0;80;sea;true;ocean;0
2665;240;0;80;sea;true;ocean;0
2666;112;128;80;sea;true;ocean;0
2667;240;128;80;sea;true;ocean;0
2668;112;0;208;sea;true;ocean;0
2669;240;0;208;sea;true;ocean;0
2670;112;128;208;sea;true;ocean;0
2671;240;128;208;sea;true;ocean;0
2672;48;64;80;sea;true;ocean;0
2673;176;64;80;sea;true;ocean;0
2674;48;192;80;sea;true;ocean;0
2675;176;192;80;sea;true;ocean;0
2676;48;64;208;sea;true;ocean;0
2677;176;64;208;sea;true;ocean;0
2678;48;192;208;sea;true;ocean;0
2679;176;192;208;sea;true;ocean;0
2680;112;64;80;sea;true;ocean;0
2681;240;64;80;sea;true;ocean;0
2682;112;192;80;sea;true;ocean;0
2683;240;192;80;sea;true;ocean;0
2684;112;64;208;sea;true;ocean;0
2685;240;64;208;sea;true;ocean;0
2686;112;192;208;sea;true;ocean;0
2687;240;192;208;sea;true;ocean;0
2688;16;32;16;sea;true;ocean;0
2689;144;32;16;sea;true;ocean;0
2690;16;160;16;sea;true;ocean;0
2691;144;160;16;sea;true;ocean;0
2692;16;32;144;sea;true;ocean;0
2693;144;32;144;sea;true;ocean;0
2694;16;160;144;sea;true;ocean;0
2695;144;160;144;sea;true;ocean;0
2696;80;32;16;sea;true;ocean;0
2697;208;32;16;sea;true;ocean;0
2698;80;160;16;sea;true;ocean;0
2699;208;160;16;sea;true;ocean;0
2700;80;32;144;sea;true;ocean;0
2701;208;32;144;sea;true;ocean;0
2702;80;160;144;sea;true;ocean;0
2703;208;160;144;sea;true;ocean;0
2704;16;96;16;sea;true;ocean;0
2705;144;96;16;sea;true;ocean;0
2706;16;224;16;sea;true;ocean;0
2707;144;224;16;sea;true;ocean;0
2708;16;96;144;sea;true;ocean;0
2709;144;96;144;sea;true;ocean;0
2710;16;224;144;sea;true;ocean;0
2711;144;224;144;sea;true;ocean;0
2712;80;96;16;sea;true;ocean;0
2713;208;96;16;sea;true;ocean;0
2714;80;224;16;sea;true;ocean;0
2715;208;224;16;sea;true;ocean;0
2716;80;96;144;sea;true;ocean;0
2717;208;96;144;sea;true;ocean;0
2718;80;224;144;sea;true;ocean;0
2719;208;224;144;sea;true;ocean;0
2720;16;32;80;sea;true;ocean;0
2721;144;32;80;sea;true;ocean;0
2722;16;160;80;sea;true;ocean;0
2723;144;160;80;sea;true;ocean;0
2724;16;32;208;sea;true;ocean;0
2725;144;32;208;sea;true;ocean;0
2726;16;160;208;sea;true;ocean;0
2727;144;160;208;sea;true;ocean;0
2728;80;32;80;sea;true;ocean;0
2729;208;32;80;sea;true;ocean;0
2730;80;160;80;sea;true;ocean;0
2731;208;160;80;sea;true;ocean;0
2732;80;32;208;sea;true;ocean;0
2733;208;32;208;sea;true;ocean;0
2734;80;160;208;sea;true;ocean;0
2735;208;160;208;sea;true;ocean;0
2736;16;96;80;sea;true;ocean;0
2737;144;96;80;sea;true;ocean;0
2738;16;224;80;sea;true;ocean;0
2739;144;224;80;sea;true;ocean;0
2740;16;96;208;sea;true;ocean;0
2741;144;96;208;sea;true;ocean;0
2742;16;224;208;sea;true;ocean;0
2743;144;224;208;sea;true;ocean;0
2744;80;96;80;sea;true;ocean;0
2745;208;96;80;sea;true;ocean;0
2746;80;224;80;sea;true;ocean;0
2747;208;224;80;sea;true;ocean;0
2748;80;96;208;sea;true;ocean;0
2749;208;96;208;sea;true;ocean;0
2750;80;224;208;sea;true;ocean;0
2751;208;224;208;sea;true;ocean;0
2752;48;32;16;sea;true;ocean;0
2753;176;32;16;sea;true;ocean;0
2754;48;160;16;sea;true;ocean;0
2755;176;160;16;sea;true;ocean;0
2756;48;32;144;sea;true;ocean;0
2757;176;32;144;sea;true;ocean;0
2758;48;160;144;sea;true;ocean;0
2759;176;160;144;sea;true;ocean;0
2760;112;32;16;sea;true;ocean;0